ISO code,Country,Variable code,Variable name,1950,1951,1952,1953,1954,1955,1956,1957,1958,1959,1960,1961,1962,1963,1964,1965,1966,1967,1968,1969,1970,1971,1972,1973,1974,1975,1976,1977,1978,1979,1980,1981,1982,1983,1984,1985,1986,1987,1988,1989,1990,1991,1992,1993,1994,1995,1996,1997,1998,1999,2000,2001,2002,2003,2004,2005,2006,2007,2008,2009,2010,2011,2012,2013,2014,2015,2016,2017,2018,2019,2020,2021,2022,2023
ABW,Aruba,rgdpna,Real GDP at constant 2021 national prices (in mil. 2021US$),,,,,,,,,,,,,,,,,,,,,368.250915527344,401.719329833984,438.229522705078,478.057891845703,521.506103515625,568.903076171875,620.607727050781,677.011474609375,738.541564941406,805.663757324219,878.886291503906,958.763732910156,1045.90075683594,1140.95727539063,1244.65295410156,1357.77294921875,1481.173828125,1719.32336425781,2039.95397949219,2287.39697265625,2378.01000976563,2567.3681640625,2718.38989257813,2917.04125976563,3156.35229492188,3235.47436523438,3275.7587890625,3531.74096679688,3767.1884765625,3810.67993164063,3982.6962890625,3918.97143554688,3923.78100585938,3944.35302734375,4243.611328125,4295.7841796875,4338.79150390625,4483.80517578125,4429.08447265625,3997.39990234375,3883.82202148438,3928.1259765625,3863.90209960938,4123.19287109375,4057.77612304688,4032.470703125,4101.81396484375,4390.931640625,4496.18603515625,4395.8115234375,3243.58911132813,4026.3525390625,4369.31396484375,4555.609375
ABW,Aruba,rnna,Capital stock at constant 2021 national prices (in mil. 2021US$),,,,,,,,,,,,,,,,,,,,,776.961547851563,857.151245117188,944.586181640625,1039.99340820313,1143.99963378906,1257.34033203125,1380.86193847656,1515.75415039063,1662.74267578125,1823.07824707031,1997.76147460938,2188.0634765625,2395.35131835938,2621.23071289063,2867.302734375,3135.44506835938,3427.85107421875,3775.00512695313,4197.513671875,4673.33251953125,5152.28662109375,5663.36572265625,6204.38134765625,6776.3447265625,7411.85986328125,8072.63427734375,8645.6572265625,9336.1328125,10134.4755859375,10909.001953125,11437.3662109375,11965.09375,12594.4697265625,13318.7080078125,14101.0283203125,15099.09765625,16162.5654296875,17136.66796875,18116.80078125,18813.51953125,19346.103515625,19866.064453125,20179.43359375,20544.458984375,20856.5234375,21116.46484375,21373.1484375,21666.6796875,21968.63671875,22266.49609375,22325.037109375,22440.20703125,22645.17578125,22632.26171875
AGO,Angola,rgdpna,Real GDP at constant 2021 national prices (in mil. 2021US$),,,,,,,,,,,,,,,,,,,,,54250.375,57505.39453125,57620.41015625,62287.65625,64218.578125,61007.65234375,57835.25,58297.9296875,55208.140625,55373.76953125,56702.734375,54207.81640625,54207.81640625,56484.54296875,59873.6171875,61969.19140625,63937.44140625,68413.296875,72225.890625,72505.7421875,72183.3515625,72898.9453125,68642.9140625,52179.9921875,52878.87109375,60810.70703125,69047.125,74069.8046875,77544.53125,79236.15625,81656.5234375,84220.5390625,96457.7890625,99341.7265625,110222.7109375,126788.296875,141556.546875,161387.6875,179405.71875,180946,189738.546875,196326.25,213096.734375,223654.78125,234440.828125,236550.796875,230400.46875,230170.078125,227177.875,225587.609375,212868.46875,215422.875,221885.578125,224326.296875
AGO,Angola,rnna,Capital stock at constant 2021 national prices (in mil. 2021US$),,,,,,,,,,,,,,,,,,,,,94229.1640625,104715.09375,114854.078125,125801.609375,136841.015625,146502.09375,155063.6875,163820.015625,171386,178674.203125,185202.796875,191819.546875,200092.453125,206112.46875,212775.515625,216417.65625,218518.09375,221674.15625,222885.015625,222628.234375,222973.828125,232726.875,251908.140625,265545.40625,277844,294597.34375,322912.03125,340322.125,368750.71875,387617.09375,390193.90625,391618.78125,395123.40625,400705.40625,409815.28125,421354.8125,433387.875,448698.3125,471630.28125,497158.25,516478.03125,538552.5625,562693.625,586390.1875,610933.1875,633460.125,651413.4375,659431.125,665065.5625,672279.1875,677214.1875,683729.4375,692778.8125,700716.3125
AIA,Anguilla,rgdpna,Real GDP at constant 2021 national prices (in mil. 2021US$),,,,,,,,,,,,,,,,,,,,,41.1590766906738,40.1306915283203,44.7611465454102,46.6317710876465,46.5377159118652,48.1300811767578,48.8764801025391,48.9685821533203,52.6158561706543,57.6204032897949,60.4272270202637,62.6757507324219,61.9744682312012,62.0252723693848,64.7851028442383,73.1153106689453,82.4369812011719,91.2045974731445,105.39608001709,114.356414794922,143.521392822266,117.450546264648,151.164031982422,162.38883972168,175.390106201172,171.319885253906,176.049774169922,195.349029541016,216.02116394043,224.541320800781,228.387313842773,230.366516113281,219.216613769531,232.257400512695,264.699157714844,295.214263916016,349.014038085938,393.264373779297,388.994873046875,322.064239501953,306.497344970703,317.152557373047,301.257507324219,298.421142578125,313.2099609375,329.084014892578,314.612457275391,297.132385253906,320.892272949219,342.031677246094,242.520538330078,268.632934570313,335.644683837891,343.926544189453
AIA,Anguilla,rnna,Capital stock at constant 2021 national prices (in mil. 2021US$),,,,,,,,,,,,,,,,,,,,,304.481109619141,329.409393310547,358.150939941406,388.048889160156,417.263153076172,447.178192138672,477.243682861328,507.205596923828,540.031372070313,576.308654785156,613.353210449219,652.947143554688,693.098022460938,730.385314941406,766.184326171875,804.330444335938,867.098083496094,946.063720703125,999.854248046875,1065.56982421875,1147.41748046875,1193.85693359375,1263.23315429688,1314.02880859375,1368.82763671875,1428.91589355469,1496.23583984375,1559.60913085938,1667.11560058594,1813.22094726563,1953.86071777344,2040.072265625,2079.27514648438,2131.36645507813,2239.5126953125,2377.72338867188,2583.8017578125,2910.05493164063,3261.44750976563,3341.12768554688,3378.9072265625,3369.375,3376.41821289063,3398.36206054688,3464.93896484375,3546.16333007813,3592.67041015625,3638.69897460938,3851.85302734375,3890.53100585938,3925.0625,3975.53491210938,4071.75219726563,4179.43994140625
ALB,Albania,rgdpna,Real GDP at constant 2021 national prices (in mil. 2021US$),,,,,,,,,,,,,,,,,,,,,10013.3056640625,10413.919921875,10831.9248046875,11267.142578125,11714.5205078125,12189.3349609375,12680.5537109375,13166.10546875,13732.46875,14276.2890625,14737.5986328125,15584.359375,16043.8876953125,16221.1630859375,16018.138671875,16303.3623046875,17215.48828125,17079.80859375,16837.169921875,18494.046875,16649.990234375,11987.6357421875,11126.072265625,12189.658203125,13201.7490234375,14960.5302734375,16028.4560546875,14277.4755859375,15538.083984375,17541.052734375,18759.505859375,20315.287109375,21236.904296875,22411.013671875,23646.9375,24953.779296875,26426.6953125,28007.869140625,30108.484375,31118.408203125,32271.935546875,33093.546875,33562.7421875,33899.171875,34500.796875,35266.328125,36435.22265625,37820.6484375,39340.6484375,40161.95703125,38835.77734375,42296.04296875,44350.1328125,45875.40625
ALB,Albania,rnna,Capital stock at constant 2021 national prices (in mil. 2021US$),,,,,,,,,,,,,,,,,,,,,29072.6640625,30921.224609375,32854.6875,34876.80859375,36983.984375,39171.78125,41464.49609375,43827.38671875,46272.91015625,48904.95703125,51476.24609375,54166.51171875,57416.8203125,60588.90234375,63867.41796875,66581.6171875,69452.4140625,72302.6171875,75015,78067.6484375,81010.8515625,79396.0390625,77669.53125,77268.8515625,78067.65625,79213.4296875,80929.984375,81805.25,83054.890625,85547.5546875,89942.78125,95721.8359375,101749.4921875,108271.203125,115727.3515625,123764.0078125,132522.5625,141624.328125,151105.015625,160424.40625,168334.359375,176765.078125,183881.140625,190534.671875,196407.71875,202508.8125,208733.625,215490.8125,222377.046875,228637.8125,234575.390625,242758.09375,251677.203125,261367.625
ARE,United Arab Emirates,rgdpna,Real GDP at constant 2021 national prices (in mil. 2021US$),,,,,,,,,,,,,,,,,,,,,51917.6015625,59445.08203125,68064.625,77934.2890625,89233.3046875,94790.421875,109048.4453125,128066.9296875,125062.875,156187.46875,197453.21875,203064.015625,186310.71875,176944.390625,184586.65625,180176.75,146006.6875,155144.5625,151423.8125,171914.25,202430.625,204171.734375,211001.875,213662.8125,232042.765625,251113.078125,265828.90625,288825.40625,293533.0625,306404.8125,343837.5,348567.5,357049.46875,388471.90625,425635.1875,446300.34375,490204.125,505814.15625,528130.6875,506358.5625,520725.03125,553093.875,563185.0625,591657.1875,616303.8125,658130.9375,694732.875,699839.625,709034.875,716893.4375,681356.6875,711028.125,764424.125,792086.4375
ARE,United Arab Emirates,rnna,Capital stock at constant 2021 national prices (in mil. 2021US$),,,,,,,,,,,,,,,,,,,,,467497.28125,487784.71875,518274.78125,538828.6875,552469.5625,611308.5625,683230.0625,785522.625,906743.625,1025362.625,1136234.625,1238349.5,1337813,1438375.875,1533829.125,1605391,1671182.75,1717574.25,1763208.75,1812758.875,1868502,1930232.375,2006659.25,2039621.75,2086588.5,2140030.25,2197707.5,2261426.25,2325904,2392364,2463427.25,2532515.75,2606223.75,2687563,2769130.5,2871094.5,2995903,3207044,3411208.25,3629475.5,3811128.25,3997247,4165202,4309887.5,4464207.5,4665240.5,4863628.5,5015024,5142086.5,5297392,5393252.5,5493170,5716960,5951651.5
ARG,Argentina,rgdpna,Real GDP at constant 2021 national prices (in mil. 2021US$),237924.28125,251976.5,236968.40625,246968.125,255009.546875,272821.5,280016.5625,290777.5,309981.78125,294969.59375,327019.34375,337660.5625,339820.9375,327342.6875,352784.5,385236.90625,386146.21875,396909,417411.03125,455670.46875,470236.90625,487923.25,498060.84375,516708.90625,544641.75,541411.75,541351.3125,575913.5,557362.1875,596473,605140.75,572360.5625,554266.875,577060.25,588633.1875,547687.3125,586812,601674.75,589925.5,548568.4375,541225.25,598032.5,659656.875,700896.375,741802.4375,720696.3125,760526.75,822213.5625,853870.25,824962.8125,818454,782369.6875,697134.5,758740.625,827251.625,900477.125,972939.75,1060578.875,1103609,1038291.6875,1143422.75,1212073.375,1199632.5,1228487.5,1197620.25,1230329.125,1204734.25,1238689.875,1206268.25,1182132.5,1065095.75,1176311,1238301.125,1218352.25
ARG,Argentina,rnna,Capital stock at constant 2021 national prices (in mil. 2021US$),443304.28125,486740.375,518949.9375,553483.375,584683.375,621233.8125,652221.9375,687526.4375,726628.5625,757487.875,816702.75,878633.75,925532.4375,952883.25,999868.4375,1047281.5625,1088177.25,1130581.375,1179486.625,1249613.125,1318808.875,1394710.625,1468528,1528677.875,1591252.25,1652333.125,1724784.875,1823331.625,1895201.375,1974660.5,2058199.75,2114802.75,2144526.5,2175729.75,2202909,2215763.25,2239318.75,2276186.75,2308918.75,2318552.5,2316432,2337542.75,2388928.5,2457381,2540939.25,2597811.25,2664185.75,2753937,2850290,2917020.25,2969278.5,2996496.25,2974311.25,2987798.25,3045520.75,3125045.5,3225173,3358898.25,3500743,3574509.25,3694759.75,3844723,3963128.25,4081183.25,4177142.5,4277609,4359475,4468098.5,4558053,4605820,4625739,4714402.5,4829826,4936365.5
ARM,Armenia,rgdpna,Real GDP at constant 2021 national prices (in mil. 2021US$),,,,,,,,,,,,,,,,,,,,,,,,,,,,,,,,,,,,,,,,,22791.490234375,20129.724609375,11724.28125,10691.2734375,11260.8173828125,12036.8212890625,12747.00390625,13170.3330078125,14137.0634765625,14597.2578125,15457.857421875,16935.12109375,19483.921875,22219.62109375,24545.533203125,27948.95703125,31637.65234375,35987.58203125,38487.8828125,33041.8515625,33773.76171875,35344.5,37877.0234375,39110.9609375,40535.43359375,41846.97265625,41918.8828125,45075.05078125,47420.078125,51038.36328125,47384.65625,50131.19921875,56437.58984375,61364.03125
ARM,Armenia,rnna,Capital stock at constant 2021 national prices (in mil. 2021US$),,,,,,,,,,,,,,,,,,,,,,,,,,,,,,,,,,,,,,,,,101752.1328125,105616.1640625,104364.6640625,102405.6015625,101975.8046875,101220.6328125,100882.5,100722.25,101056.7890625,101504.875,102503.6171875,103725.4453125,106360.3046875,110495.5390625,115882.125,123612.6953125,134823.796875,148344.78125,163497.328125,173257.515625,182275.265625,189309.953125,195869.984375,201334.59375,206360.6875,211489.765625,215075.109375,219472.140625,224084.03125,228847.75,233158.671875,239942.453125,248201.78125,257494.34375
ATG,Antigua and Barbuda,rgdpna,Real GDP at constant 2021 national prices (in mil. 2021US$),,,,,,,,,,,,,,,,,,,,,475.905090332031,511.486785888672,549.292297363281,595.993286132813,616.278259277344,582.469909667969,530.308471679688,568.946594238281,589.022888183594,652.478088378906,696.215637207031,730.632080078125,733.500122070313,783.690734863281,842.126953125,907.374816894531,983.736267089844,1069.41882324219,1150.44189453125,1210.86535644531,1247.33288574219,1274.48217773438,1289.24670410156,1357.31726074219,1447.94152832031,1384.81726074219,1476.27685546875,1557.05297851563,1630.71899414063,1691.17993164063,1711.10717773438,1656.45068359375,1704.88513183594,1805.70776367188,1901.16638183594,2051.82592773438,2314.55932617188,2590.533203125,2673.14819335938,2410.080078125,2274.64086914063,2283.83129882813,2360.861328125,2346.67919921875,2398.32763671875,2432.97827148438,2533.21801757813,2595.09423828125,2775.77319335938,2861.78125,2321.60083007813,2511.56103515625,2751.02270507813,2857.01708984375
ATG,Antigua and Barbuda,rnna,Capital stock at constant 2021 national prices (in mil. 2021US$),,,,,,,,,,,,,,,,,,,,,1774.28674316406,1815.98876953125,1855.87097167969,1896.47680664063,1946.33679199219,1986.6796875,2016.189453125,2015.19372558594,2011.31140136719,2112.01879882813,2191.50756835938,2288.39770507813,2307.0693359375,2310.43676757813,2351.7734375,2428.92822265625,2569.23583984375,2794.90087890625,3072.78784179688,3391.90869140625,3640.85522460938,3905.14379882813,4127.9736328125,4313.8837890625,4509.34912109375,4725.10205078125,4978.67724609375,5261.94970703125,5599.8955078125,5968.06396484375,6352.51416015625,6493.41796875,6687.9326171875,6952.1455078125,7258.9833984375,7692.2421875,8496.349609375,9432.3095703125,10391.7880859375,11212.783203125,11644.6943359375,11848.0537109375,12123.0107421875,12486.7548828125,12918.2333984375,13355.2177734375,13828.7763671875,14329.291015625,15424.9130859375,16487.71484375,17287.861328125,18469.47265625,19547.84375,20544.830078125
AUS,Australia,rgdpna,Real GDP at constant 2021 national prices (in mil. 2021US$),148707.890625,152490.171875,146248.40625,162114.296875,175074.5625,181980.1875,182397.890625,186392.984375,199036.453125,211228.671875,216140.953125,219088.328125,232842.765625,248562.109375,264281.46875,270176.1875,286878,301614.90625,323228.96875,346807.96875,360562.40625,374662.03125,384476.6875,400267.59375,405614.21875,416113.34375,431073.09375,434924.65625,452540.96875,466278.5625,481852.09375,497875.53125,486801,509163.40625,536039.375,557300.5,571565.1875,604474.9375,627888.4375,650350.5625,647864.5625,650639.25,676968.875,703914.875,731268.4375,759523.875,789245.9375,826050.1875,867581.375,901603.5,919862,956468.75,986030.875,1027683.6875,1060098.5,1089307.875,1130410.875,1170950.625,1193111.375,1219598.25,1248954.875,1297872.875,1331646,1366206.125,1396128.25,1434652.875,1467357.125,1509594.5,1542376,1540531.375,1573054.625,1639789.75,1696231.25,1720506.25
AUS,Australia,rnna,Capital stock at constant 2021 national prices (in mil. 2021US$),712402.25,768188.9375,784147.5625,815786.6875,858365.4375,901560.1875,932533.0625,964544.875,1006757.375,1052758.625,1100372.25,1135589.375,1182194.125,1231092.375,1290835.375,1344057.5,1402941.625,1463248.5,1535040.75,1611390.25,1685673.5,1761507.25,1838995.375,1919370.5,1984156.125,2050902.75,2120486.75,2192115.25,2274668.75,2355175.5,2451078.75,2551982.25,2626699.5,2705562.5,2796189.25,2891848.25,2981028,3077088,3185545.75,3286824.25,3360047.25,3420984.75,3492737.75,3572427.75,3669155.75,3763744.75,3864806.25,3979691.5,4097570.25,4225215,4319261,4429619,4563002,4708955.5,4858963,5022133.5,5187847,5369089.5,5542700,5712208.5,5883105,6086152,6291468.5,6480480.5,6648222.5,6797224,6940895,7098245,7245557,7380284,7524767.5,7691365.5,7862773.5,8045612.5
AUT,Austria,rgdpna,Real GDP at constant 2021 national prices (in mil. 2021US$),67078.9296875,71235.234375,70958.046875,73289.2265625,79337.4609375,88421.90625,93872.5703125,99323.234375,102957.0078125,105985.1484375,115675.21875,121731.515625,124154.03125,129604.703125,137477.875,141111.65625,148984.84375,153829.890625,160491.8125,170787.5,182900.09375,192252.015625,204186.734375,214165.96875,222612.140625,221805.609375,231957.640625,243741.046875,243227.59375,256256.578125,260693.625,260317.46875,265553.09375,273448.21875,273588.4375,280424.53125,286878.21875,290771.625,300355.125,312030.125,325589.84375,336795.4375,343846.3125,345657.75,353960.84375,363404.46875,371456.6875,379427.53125,392680.46875,407452.78125,420448.625,425985.875,432309.0625,437244.15625,448460.59375,458866.5,473868.40625,491758.03125,498904.78125,481012.6875,489714.15625,504050.375,507217.0625,505945.3125,509769.25,516414.1875,527347.8125,539330.4375,552728.625,562428.875,526893.1875,552159.5,581301.875,575750.625
AUT,Austria,rnna,Capital stock at constant 2021 national prices (in mil. 2021US$),303119.65625,316731.5625,324077.9375,326184.8125,333836.09375,349587.09375,362155.03125,375817.6875,388830.84375,402292.125,424683.6875,447721.53125,467712.0625,487781.21875,514539.3125,541062.875,572496.625,601295.9375,631600.375,664459.625,704771.8125,752785.375,807466.3125,859470,912322.125,957986.875,1004914.8125,1057882.625,1102175.375,1150415.25,1199733.25,1246370.375,1282641,1317496.75,1350805.125,1388264.5,1425865.875,1465934.875,1511202.75,1559133.875,1610738.625,1669027,1724663.25,1776390,1832789,1887250.75,1943757.75,1998351.5,2055369.25,2111432.25,2171859.5,2227135.25,2274174,2324961.5,2374753.75,2423009.75,2471192,2524512.5,2578275.5,2617957.5,2652521.25,2694111.25,2735107.75,2775554.75,2813119.25,2852331.75,2896182.75,2943963,2995897.5,3051706.75,3094446,3146882,3198415.5,3241278
AZE,Azerbaijan,rgdpna,Real GDP at constant 2021 national prices (in mil. 2021US$),,,,,,,,,,,,,,,,,,,,,,,,,,,,,,,,,,,,,,,,,73340.9375,72827.546875,56368.51953125,43347.1953125,34827.34375,30711.634765625,31095.921875,32902.3359375,36190.58984375,38867.37109375,43179.4453125,47455.19921875,52470.6875,58324.8984375,64245.9453125,81218.375,109203.28125,136558,151250.25,165311.015625,173574.34375,173697.78125,177458.625,187768.609375,192933.1875,195136.046875,189017.140625,189170.40625,192100.3125,196872.59375,188522.796875,199111.3125,208403.4375,210670.96875
AZE,Azerbaijan,rnna,Capital stock at constant 2021 national prices (in mil. 2021US$),,,,,,,,,,,,,,,,,,,,,,,,,,,,,,,,,,,,,,,,,7665.3623046875,8341.1494140625,9466.24609375,9934.23828125,11238.390625,12164.228515625,14696.302734375,18339.275390625,22813.67578125,26930.28515625,30894.36328125,35604.12109375,43765.5,57618.72265625,73133.265625,88250.0546875,104812.46875,121845.7265625,142671.375,161234.125,180716.234375,209297.765625,242378.828125,284177,329288.96875,368307.34375,394848.4375,419901.53125,441449.65625,462980.34375,480677.28125,493571.0625,504591.75,520993.125
BDI,Burundi,rgdpna,Real GDP at constant 2021 national prices (in mil. 2021US$),,,,,,,,,,,2446.83618164063,2098.01953125,2275.58081054688,2411.03857421875,2568.5380859375,2694.09326171875,2802.97119140625,3200.478515625,3190.3515625,3132.34887695313,3857.01123046875,3982.28735351563,3744.0986328125,4002.50244140625,3981.291015625,3982.111328125,4396.142578125,4793.9443359375,5027.44482421875,5109.30224609375,5016.13623046875,5563.52978515625,5539.56396484375,5711.77490234375,5706.09130859375,6372.90185546875,6616.3046875,6887.189453125,7224.142578125,7331.3037109375,7587.88720703125,7992.58642578125,8136.91015625,7565.00830078125,7331.65966796875,6816.89404296875,6230.11474609375,6253.76416015625,6534.529296875,6469.21240234375,6410.9501953125,6545.6123046875,6840.12890625,6758.03857421875,7041.13671875,7105.21142578125,7489.921875,7745.80029296875,8125.37451171875,8433.103515625,8862.5234375,9220.1708984375,9628.0205078125,10099.6865234375,10527.4619140625,10484.5986328125,10820.1025390625,11234.7705078125,11830.9619140625,12358.6279296875,12399.0615234375,12783.431640625,13019.7978515625,13371.33203125
BDI,Burundi,rnna,Capital stock at constant 2021 national prices (in mil. 2021US$),,,,,,,,,,,7228.82177734375,7115.4970703125,7039.47265625,6939.77001953125,6840.06103515625,6768.732421875,6746.83837890625,6752.2978515625,6803.67724609375,6853.1640625,6813.697265625,6938.8408203125,6818.36669921875,6822.6650390625,6981.7978515625,7033.982421875,7217.72998046875,7586.39892578125,8034.404296875,8498.3779296875,8917.955078125,9476.2265625,10048.9970703125,10732.455078125,11478.392578125,12093.8623046875,12716.5771484375,13307.1474609375,13516.3193359375,13791.9111328125,13717.697265625,13658.537109375,13668.6435546875,13759.49609375,13624.1826171875,13483.3232421875,13461.861328125,13430.138671875,13439.8076171875,13921.419921875,13911.8876953125,13965.0498046875,14046.658203125,14525.7890625,15229.830078125,15778.91796875,16266.9130859375,16704.26953125,17150.345703125,17894.25390625,18853.1875,19830.08984375,20804.6640625,21765.130859375,22829.833984375,23609.646484375,24462.92578125,25370.279296875,26346.544921875,27241.63671875,27774.306640625,28384.6640625,29043.12890625,29804.185546875
BEL,Belgium,rgdpna,Real GDP at constant 2021 national prices (in mil. 2021US$),101448.75,105264.96875,107826.1484375,111387.453125,116298.125,120430.1875,124222.96875,126638.6484375,125966.6640625,130397.953125,137849.265625,144828.984375,152506.671875,159137.390625,170304.9375,176237.6875,181472.453125,188452.171875,197176.8125,209391.296875,223350.734375,231733.125,243912.21875,258845.296875,269715.875,266136.71875,281180.8125,282941.34375,291081,297895.4375,311134.0625,310265.125,312111.15625,313084.4375,320806.3125,326105.375,332049.5,339708.71875,355753.90625,368095.59375,379644.25,386603.40625,392520.96875,388745.375,401290.125,410859.90625,416289.15625,432081.78125,440558.5,456166.25,473120.625,478323.03125,486487.5,491537.0625,509090.875,520910.625,534206,553848.375,556323.5625,545717.5625,560508.25,571332.5,572565.5,574314.625,584454.375,593070.1875,600148.5,608997.5,620434.25,635590.75,605127.0625,642660.375,669866.9375,678251.6875
BEL,Belgium,rnna,Capital stock at constant 2021 national prices (in mil. 2021US$),547541.1875,559970.5,571987,584801.25,601357.6875,616553,636531.875,655205.625,666287.9375,682695.8125,702283.9375,727756,754090.0625,779135.25,815040.3125,849186.5,887856.5,925111.5,961204.8125,1003458.75,1050517.625,1093295.125,1136637.5,1183348.125,1233557.375,1278045.5,1322845,1364844,1406568.125,1442419.75,1493110.875,1521541.125,1545232.75,1563646.375,1584626.625,1608972.875,1635544.875,1666101.625,1711661,1768083.375,1832177.25,1887045,1941096.375,1989658.125,2037588.625,2091341.625,2144459.25,2204888.25,2265880.75,2329884.25,2397628,2463592,2516897.25,2566361.25,2626834.25,2694271.75,2761498,2838901.5,2915968.25,2975180.25,3032534.75,3097750.75,3162041,3219927,3287282,3358413,3434728.5,3509448.25,3586937.5,3670727.75,3737975.75,3814143.5,3893210.75,3976496
BEN,Benin,rgdpna,Real GDP at constant 2021 national prices (in mil. 2021US$),,,,,,,,,,2473.064453125,2629.70385742188,2663.7861328125,2565.71508789063,2708.67919921875,2822.39770507813,2970.57275390625,3075.94140625,3287.06176757813,3458.04638671875,3653.4248046875,3721.28759765625,3798.80419921875,4171.857421875,4351.63525390625,4647.35400390625,4329.322265625,4390.60595703125,4580.90234375,4556.611328125,4921.53369140625,5385.0224609375,5687.87451171875,6301.1748046875,6027.330078125,6505.30419921875,6995.0712890625,7145.357421875,7038.17822265625,7251.74755859375,7200.4365234375,7846.7568359375,8178.34521484375,8420.2373046875,8911.6572265625,9091.7080078125,10012.8623046875,11295.177734375,12912.9775390625,14514.8623046875,16532.109375,17500.515625,18433.841796875,19289.732421875,19953.98828125,20837.88671875,21194.87109375,22030.74609375,23349.580078125,24492.91015625,25060.974609375,25590.77734375,26349.2265625,27616.9453125,29603,31485.0625,32044.91796875,33115.109375,34993.2578125,37336.84375,39900.2734375,41435.953125,44400.8828125,47177.37890625,50174.47265625
BEN,Benin,rnna,Capital stock at constant 2021 national prices (in mil. 2021US$),,,,,,,,,,6089.37548828125,6992.6220703125,7839.09228515625,8623.33984375,9470.4033203125,10154.8974609375,10753.78125,11375.89453125,12360.0263671875,13423.0146484375,14513.154296875,15440.7490234375,16382.4609375,17833.716796875,18973.9375,20224.986328125,21362.28515625,22035.359375,22647.755859375,23096.951171875,24354.384765625,25703.595703125,26840.787109375,29122.88671875,29785.791015625,30030.189453125,29867.603515625,30092.671875,30488.2265625,30592.015625,30643.03515625,30951.951171875,31379.384765625,31875.03515625,32473.779296875,33092.10546875,33894.0390625,34681.44921875,35654.43359375,36688.98046875,37857.20703125,38915.63671875,40384.35546875,41612.46484375,43077.0390625,44408.41796875,45423.7109375,46411.1484375,48179.3125,49899.2734375,51882.31640625,54265.7109375,56818.203125,59321.58203125,64057.80859375,69450.2578125,74951.609375,80206.1015625,87380.78125,95925.5703125,105316.578125,114562.109375,125896.8984375,138813.671875,153881.390625
BFA,Burkina Faso,rgdpna,Real GDP at constant 2021 national prices (in mil. 2021US$),,,,,,,,,,4307.736328125,4326.49365234375,3760.66381835938,3939.95361328125,3865.7705078125,3934.25,3875.39135742188,3863.77734375,4195.47021484375,4378.623046875,4449.380859375,4519.56005859375,4499.6064453125,5509.14697265625,5223.619140625,5511.6455078125,5642.9267578125,5586.9892578125,5981.9541015625,6680.61962890625,6723.36083984375,6835.6240234375,7135.53466796875,7294.71630859375,7209.4267578125,7326.2431640625,8283.330078125,8941.8447265625,8920.5751953125,9437.857421875,9641.197265625,9582.4931640625,10452.0048828125,10475.826171875,10839.1162109375,10981.19921875,11609.083984375,12887.794921875,13701.8955078125,14703.1923828125,15621.1123046875,15916.111328125,16968.708984375,17707.349609375,19088.96484375,19943.85546875,21671.3671875,23026.51171875,23973.220703125,25363.666015625,26114.923828125,28320.666015625,30196.21875,32144.68359375,34006.6875,35478.10546875,36869.28125,39065.94921875,41489.40234375,44229.59765625,46834.3671875,47776.1015625,51092.96875,51857.953125,53393.04296875
BFA,Burkina Faso,rnna,Capital stock at constant 2021 national prices (in mil. 2021US$),,,,,,,,,,2423.9814453125,2421.80126953125,2445.16040039063,2481.78637695313,2510.54125976563,2542.68286132813,2632.42114257813,2717.16357421875,2785.92114257813,2861.11767578125,2970.40698242188,3083.7587890625,3585.54418945313,3850.0498046875,4182.552734375,4573.11279296875,4878.85888671875,5162.55029296875,5428.77197265625,5717.0166015625,6549.7783203125,7245.81201171875,7969.46923828125,8717.8671875,9324.1552734375,9874.150390625,10783.60546875,11648.5029296875,12547.34765625,13421.119140625,14442.1669921875,15291.1748046875,16327.7119140625,17272.162109375,18147.830078125,19351.423828125,20346.201171875,21421.96484375,22671.826171875,23816.6328125,24784.625,25682.244140625,26480.09765625,27318.703125,28379.423828125,29709.6015625,31256.294921875,32963.33203125,35008.35546875,37085.9375,39697.59375,42896.53515625,46661.15234375,51000.796875,55619.1171875,59021.4609375,63188.9140625,68054.984375,73323.203125,78965.4296875,85553.09375,92309.5234375,99150.890625,104358.2265625,109542.1796875
BGD,Bangladesh,rgdpna,Real GDP at constant 2021 national prices (in mil. 2021US$),,,,,,,,,,91878.703125,97154.53125,94047.328125,100992.6015625,106316.9453125,105828.515625,103755.59375,106044.046875,99996.109375,105077.78125,108662.21875,117670.328125,111222.59375,95680.65625,98862.6875,108345.5546875,103916.15625,109799.2265625,112734.2265625,120708.8515625,126504.84375,127541.1015625,131870.359375,133492.5625,140025.125,147622.328125,152068.53125,158667.96875,165302.53125,170081.34375,174366.859375,185923,192244.03125,200370.765625,209537.15625,218096.09375,228837.234375,239414.28125,252313.140625,265502.78125,278430.4375,294982.59375,310538.6875,324250.6875,341293.3125,362694.09375,384294.40625,409770.5625,446688.59375,482180.5625,515736.84375,554394.1875,600987.6875,651846.25,703638.125,759885.125,824431.75,899169.125,958426.6875,1028577.875,1109649.375,1147910.375,1227560.25,1314714.875,1390641.125
BGD,Bangladesh,rnna,Capital stock at constant 2021 national prices (in mil. 2021US$),,,,,,,,,,102824.9296875,102070.109375,102063.4921875,104505.15625,105451.7890625,107608.859375,110405.796875,113351.75,117125.9765625,123417.984375,128655.7265625,132961.5625,134962.609375,133264.1875,134686.9375,144714.59375,150808.25,158672.125,169206.40625,183136.6875,198284.09375,218224.03125,237905.96875,252472.015625,266500.3125,281525.78125,297501.21875,325316.15625,343954.15625,359655.25,375304.84375,393349.03125,406599.1875,423443.6875,443306.0625,466192.90625,492356.5625,522630.53125,557333,597802.9375,643713.1875,693898.8125,746589.9375,803894.9375,867497.9375,939279.9375,1021773.75,1112747.625,1213553.625,1329582.375,1458039.25,1601848,1764593.5,1951428.75,2151329.25,2378194.5,2627871.5,2907876.75,3209303.25,3550131,3911620.75,4280055.5,4679440.5,5132436.5,5583867
BGR,Bulgaria,rgdpna,Real GDP at constant 2021 national prices (in mil. 2021US$),,,,,,,,,,,,,,,,,,,,,47378.30859375,50645.7734375,54525.89453125,58977.8203125,63429.75,69025.2890625,73518.0625,78133.3671875,82503.59375,87976.609375,93000.34375,97557.515625,99835.0546875,103259.703125,106766.8671875,109631.890625,114244.7734375,121161.71875,134422.515625,130000.1640625,118147.5546875,108169.578125,100324.9375,98839.78125,100636.8046875,103522.375,108911.1171875,93537.8984375,97082.171875,88931.0625,93010.5234375,96566.96875,102237.3203125,107591.6484375,114596.3203125,122682.6328125,131028.234375,139747.34375,148313.25,143349,145578.59375,148621.4375,149734.34375,148921.640625,150335.59375,155443.328125,160148.015625,164545.5625,168740.578125,175133.90625,169502.0625,182690.359375,190068.8125,193655.078125
BGR,Bulgaria,rnna,Capital stock at constant 2021 national prices (in mil. 2021US$),,,,,,,,,,,,,,,,,,,,,6822.1982421875,8884.876953125,10945.2783203125,13037.89453125,15192.9189453125,17461.208984375,19749.869140625,22183.060546875,24719.34375,27159.98046875,30107.533203125,32975.28125,35731.33984375,38360.76171875,40792.484375,43402.55859375,46214.80078125,49172.15234375,52784.9296875,56193.47265625,57049.4921875,56777.55859375,57529.62890625,58810.77734375,63839.98046875,70615.53125,69344.1015625,74236.890625,82440.296875,92574.8203125,104224.734375,118377.9453125,132691.921875,148541.90625,166870.59375,191837.3125,219923.15625,251444.40625,291681.15625,319369.9375,338211.46875,354964.25,371645.15625,387850.8125,404601.34375,421654.71875,435269.3125,449424.46875,464756.3125,481117.125,496809.28125,508341.59375,521977.09375,539120.8125
BHR,Bahrain,rgdpna,Real GDP at constant 2021 national prices (in mil. 2021US$),,,,,,,,,,,,,,,,,,,,,11507.384765625,11692.32421875,12986.904296875,14795.2080078125,16048.6923828125,14630.818359375,19089.75,21574.783203125,22408.060546875,23185.45703125,23783.70703125,22202.619140625,20536.06640625,22276.578125,23367.890625,19615.681640625,19845.779296875,20225.435546875,22049.76953125,22583.919921875,23629.21484375,24705.736328125,26631.966796875,30063.578125,29427.396484375,29996.5546875,30975.498046875,31691.005859375,33240.0703125,35218.94140625,37690.66796875,38629.5546875,39923.0703125,42436.8125,45399.3046875,48472.35546875,51607.0859375,55887.37109375,59375.77734375,60884.22265625,63524.62109375,64784.63671875,67200.2109375,70840.25,73921.8046875,75758.9140625,78454.78125,81821.4921875,83548.34375,85359.0390625,81244.8671875,83350.4453125,87633.0859375,89926.46875
BHR,Bahrain,rnna,Capital stock at constant 2021 national prices (in mil. 2021US$),,,,,,,,,,,,,,,,,,,,,21882.4609375,23804.1796875,25729.900390625,28314.619140625,31402.248046875,32610.80078125,37261.984375,42612.60546875,45838.6953125,50287.94921875,54059.25390625,57670.2265625,62597.14453125,70128.3203125,78296.265625,81069.9140625,83646.5546875,85606.265625,88231.1640625,91445.28125,94863.71875,99179.6796875,104097.4921875,109856.7890625,114427.75,117509.1328125,120689.0546875,125183.921875,129470.9296875,132049.375,136190.625,139446.484375,145275.734375,152379.71875,158801.953125,168468.59375,181496.59375,201158.859375,224811.6875,238475.21875,254933.15625,267786.90625,282797.5,301258.75,320798.0625,337146,356190.03125,377966.25,401999.65625,424120.65625,444227.9375,462206.4375,485887.78125,512752.40625
BHS,Bahamas,rgdpna,Real GDP at constant 2021 national prices (in mil. 2021US$),,,,,,,,,,,,,,,,,,,,,4516.1162109375,4589.57080078125,4429.05810546875,4764.23046875,3966.02026367188,3378.92553710938,3554.12890625,3879.50708007813,4429.6025390625,5587.46875,5950.390625,5401.3837890625,5763.21728515625,5970.52294921875,6816.61474609375,7145.80126953125,7274.21142578125,7491.31201171875,7664.3388671875,8179.94384765625,8049.296875,7712.8876953125,7417.6298828125,7440.43701171875,7674.95751953125,8010.8720703125,8349.2646484375,8856.06640625,9273.7177734375,9936.287109375,10348.5654296875,10620.2333984375,10907.4755859375,10769.546875,10864.6142578125,11233.49609375,11516.2265625,11682.8349609375,11411.3837890625,10934.8671875,11103.0869140625,11171.1923828125,11506.0390625,11176.615234375,11383.0771484375,11496.5400390625,11385.9482421875,11704.703125,12012.5205078125,11849.482421875,9310.9150390625,10745.0849609375,11903.6240234375,12217.7685546875
BHS,Bahamas,rnna,Capital stock at constant 2021 national prices (in mil. 2021US$),,,,,,,,,,,,,,,,,,,,,3495.19580078125,3802.55932617188,4077.5634765625,4373.41552734375,4586.1142578125,4726.4326171875,4885.82666015625,5096.3984375,5293.384765625,5646.2451171875,6203.28271484375,6744.18310546875,7413.92138671875,8060.6318359375,8705.5185546875,9502.8896484375,10264.580078125,11130.888671875,11932.8427734375,13452.3046875,14729.779296875,15860.912109375,16943.1953125,17597.759765625,18513.5,19568.390625,20835.369140625,22847.138671875,25520.08203125,27647.154296875,30160.4765625,32143.3984375,34099.73828125,36235.7421875,38008.48828125,40618.59765625,44151.22265625,47280.64453125,49857.94140625,51689.76171875,53232.84375,55385.421875,58716.70703125,61347.50390625,64611.34765625,66635.9921875,68936.546875,71723.7421875,74140.8359375,76680.671875,77472.140625,78775.28125,79793.640625,80985.7265625
BIH,Bosnia and Herzegovina,rgdpna,Real GDP at constant 2021 national prices (in mil. 2021US$),,,,,,,,,,,,,,,,,,,,,,,,,,,,,,,,,,,,,,,,,9964.625,9033.12890625,8451.6748046875,8267.314453125,9187.62890625,10654.7373046875,16429.53125,22449.49609375,26179.787109375,28672.517578125,30224.9375,30957.37890625,32513.74609375,33771.09765625,35907.2109375,37306.578125,39326.359375,41630.53515625,43896.00390625,42577.16796875,42945.7421875,43357.81640625,43001.484375,44011.9609375,44519.7890625,46440.70703125,47946.43359375,49501.859375,51397.2890625,52880.5390625,51286.14453125,55077.0390625,57405.04296875,58603.39453125
BIH,Bosnia and Herzegovina,rnna,Capital stock at constant 2021 national prices (in mil. 2021US$),,,,,,,,,,,,,,,,,,,,,,,,,,,,,,,,,,,,,,,,,14463.7900390625,15547.5966796875,16238.1201171875,17058.361328125,18173.8515625,18296.888671875,22790.396484375,28782.966796875,35045.7109375,39989.12109375,44836.3359375,49329.97265625,54193.64453125,58949.390625,63787.3125,70142.3671875,75079.046875,82783.6640625,92261.234375,98643.90625,103455.4140625,108740.1640625,113752.109375,118445.4296875,124412.8984375,129639.21875,135311.75,141777.390625,149054.234375,156805.5625,163516.90625,170671.40625,177469.40625,186091.5
BLR,Belarus,rgdpna,Real GDP at constant 2021 national prices (in mil. 2021US$),,,,,,,,,,,,,,,,,,,,,,,,,,,,,,,,,,,,,,,,,127529.3046875,125762.15625,113633.5546875,105041.8984375,92769.3046875,83076.9453125,85383.546875,95135.5390625,103169.1796875,106727.078125,112904.015625,118239.0703125,124160.9453125,132845.65625,148026.0625,162001.71875,178198.578125,193485.015625,213306.078125,213634.828125,230190.96875,242954.875,247200.421875,249551.046875,253910.546875,244186.765625,238171.015625,244232.328125,251925.734375,255569.71875,253866.328125,260045.796875,247916.3125,257705.828125
BLR,Belarus,rnna,Capital stock at constant 2021 national prices (in mil. 2021US$),,,,,,,,,,,,,,,,,,,,,,,,,,,,,,,,,,,,,,,,,554471.75,574450.125,586875.1875,597133.875,603143.3125,601415.6875,599575.5,602349.8125,607910.125,611808.5,615724.75,618890.125,623591.5,633455.375,648609.1875,669551.5625,702396.8125,741868.5625,793967.875,847062.75,913175.1875,988124.9375,1045504.75,1110407.875,1166432.875,1204191.125,1228404.75,1256637.375,1287380.75,1322330.625,1350527.125,1373106.5,1381766.625,1400730.875
BLZ,Belize,rgdpna,Real GDP at constant 2021 national prices (in mil. 2021US$),,,,,,,,,,,,,,,,,,,,,486.210510253906,518.969421386719,543.107482910156,539.659240722656,589.834167480469,593.736633300781,589.834106445313,614.364074707031,662.866577148438,688.511535644531,718.616455078125,728.062927246094,726.001892089844,710.372253417969,724.4560546875,731.841491699219,765.505126953125,895.626159667969,1028.62194824219,1222.73779296875,1396.7705078125,1556.88891601563,1744.24072265625,1853.70532226563,1856.64208984375,1868.60791015625,1888.2890625,1956.16296386719,2032.25183105469,2214.630859375,2502.96630859375,2628.501953125,2763.07739257813,3020.80102539063,3161.2275390625,3230.76806640625,3378.11108398438,3472.591796875,3474.32250976563,3454.95458984375,3577.39038085938,3566.41625976563,3697.23828125,3860.2607421875,4013.74462890625,4143.16259765625,4143.51904296875,4068.19091796875,4110.64892578125,4284.0009765625,3687.92626953125,4346.45703125,4723.9658203125,4773.76708984375
BLZ,Belize,rnna,Capital stock at constant 2021 national prices (in mil. 2021US$),,,,,,,,,,,,,,,,,,,,,760.400268554688,894.750610351563,1022.26495361328,1134.52807617188,1251.68347167969,1359.97290039063,1461.52001953125,1554.23388671875,1663.53405761719,1786.44018554688,1855.45336914063,1927.06237792969,1953.91918945313,1953.79772949219,1983.79370117188,1988.97570800781,2011.46752929688,2121.55224609375,2319.55712890625,2578.99633789063,2798.2197265625,3100.5341796875,3409.20141601563,3774.08178710938,3968.36694335938,4197.62646484375,4395.03173828125,4579.81640625,4746.25732421875,5093.2646484375,5628.77783203125,6062.1328125,6420.33740234375,6654.00732421875,6845.3046875,7084.798828125,7329.056640625,7598.89404296875,8133.0556640625,8378.4287109375,8507.06640625,8654.6875,8789.3935546875,9053.1708984375,9462.4267578125,9903.3837890625,10462.34765625,10839.7958984375,11266.1162109375,11736.72265625,12079.283203125,12674.283203125,13401.1630859375,14293.408203125
BMU,Bermuda,rgdpna,Real GDP at constant 2021 national prices (in mil. 2021US$),,,,,,,,,,,,,,,,,,,,,1793.10925292969,1854.74731445313,1888.3681640625,1916.38549804688,1933.19580078125,2006.04077148438,2185.35180664063,2240.84741210938,2286.228515625,2436.345703125,2528.97143554688,2439.93920898438,2442.20141601563,2463.36157226563,2413.189453125,2515.6630859375,2627.1865234375,2731.65673828125,2767.72192382813,2771.18212890625,2697.853515625,2704.90673828125,2631.17895507813,2694.92578125,2737.51196289063,2885.23388671875,2997.0234375,3135.05883789063,3257.63427734375,3368.06225585938,3468.55249023438,3719.02514648438,3664.06591796875,3789.0361328125,3878.3759765625,3943.31494140625,4124.95166015625,4397.556640625,4589.22119140625,4453.71044921875,4479.66259765625,4312,4083.23583984375,4071.81494140625,3921.1142578125,3951.52392578125,3925.55395507813,4067.322265625,4049.71875,4062.1220703125,3784.15625,3989.22290039063,4245.775390625,4241.74951171875
BMU,Bermuda,rnna,Capital stock at constant 2021 national prices (in mil. 2021US$),,,,,,,,,,,,,,,,,,,,,4768.31787109375,4849.73291015625,4917.5654296875,4976.48388671875,5036.8544921875,5113.27197265625,5151.28662109375,5229.32373046875,5326.86572265625,5456.7392578125,5664.888671875,5817.474609375,6047.54541015625,6279.1767578125,6560.9775390625,6783.052734375,6906.1162109375,7060.359375,7319.927734375,7469.55615234375,7501.1240234375,7471.5634765625,7446.64453125,7429.12548828125,7394.72998046875,7386.9130859375,7478.04638671875,7627.65478515625,7921.16650390625,8255.4130859375,8589.4052734375,8897.6376953125,8975.9375,8981.9697265625,9242.2783203125,9500.7802734375,9687.75390625,9910.0869140625,10307.138671875,10506.140625,10582.5537109375,10603.107421875,10555.2158203125,10539.22265625,10620.8193359375,10732.6142578125,10951.0185546875,11271.203125,11559.2724609375,11975.3720703125,12118.3486328125,12360.490234375,12597.6005859375,12807.896484375
BOL,Bolivia (Plurinational State of),rgdpna,Real GDP at constant 2021 national prices (in mil. 2021US$),17782.138671875,19410.376953125,19496.060546875,16382.279296875,16841.806640625,18511.357421875,17686.0625,17723.30078125,17492.0234375,17915.775390625,18697.470703125,19042.2734375,20242.869140625,21603.50390625,22639.015625,23681.81640625,25343.109375,27402.47265625,23681.814453125,24399.572265625,24078.98828125,25298.1875,27313.818359375,28881.400390625,29730.390625,31903.984375,33376.21484375,35035.41796875,35754.5859375,35802.265625,35436.046875,35533.71875,34134.13671875,32754.39453125,32688.666015625,32140.67578125,31313.4140625,32084.814453125,33018.3203125,34269.7578125,35858.43359375,37746.92578125,38368.42578125,40006.48828125,41873.69921875,43832.66796875,45744.359375,48010.6328125,50425.25390625,50640.515625,51910.4765625,52784.55078125,54096.546875,55563.28515625,57882.10546875,60441.3203125,63340.703125,66231.8125,70304.0703125,72664.1796875,75662.828125,79600.390625,83677.75,89364.5,94244.3125,98821.9296875,103035.6171875,107358.171875,111892.578125,114372.90625,104379.140625,110758.1328125,114751.71875,118288.3203125
BOL,Bolivia (Plurinational State of),rnna,Capital stock at constant 2021 national prices (in mil. 2021US$),28314.193359375,30580.123046875,32651.56640625,33321.7109375,34660.62109375,37597.890625,39983.640625,42017.453125,43774.86328125,44805.01171875,46762.28515625,48012.8125,51309.37890625,54046.21875,57070.62109375,59614.1015625,62210.546875,64346.26953125,66485.03125,68488.4140625,70330.7890625,72552.6875,75274.890625,77682,80156.3046875,83596.59375,87090.1953125,90758.9453125,95031.0703125,98171.3046875,99349.3828125,100216.25,99579.9375,98556.4375,98085.5625,98401.0703125,98938.046875,99722.1875,100821.6484375,101833.84375,103529.3671875,106215.65625,109538.59375,112821.9765625,115252.8125,118558.5546875,122645.640625,128831.3828125,137689.65625,143426.03125,147694.03125,149271.140625,152729.828125,155010.390625,157224.1875,160148.0625,163978.3125,169294.90625,176909.484375,184364.15625,192673.28125,204597.28125,216002.65625,229287.53125,244493.890625,259789,274262.6875,291024.125,307343.34375,321108.75,325129.84375,332737.75,341971.90625,352607.90625
BRA,Brazil,rgdpna,Real GDP at constant 2021 national prices (in mil. 2021US$),173400.5,181892.09375,199188.34375,209310.921875,226481.796875,241101.546875,249853.703125,274940.40625,292487.03125,315040.78125,339493.78125,387271.46875,407305.25,433560.9375,451610.53125,483087.34375,502236.28125,531033.6875,590508.4375,628390.4375,697031.625,776075,868738.375,990101.1875,1070794.375,1126154.5,1241698,1302913.75,1367668.375,1460122.75,1594892,1527109.25,1539784.125,1494668.625,1575380.5,1699032.25,1826289.75,1890757.75,1889623.25,1949335.5,1864539.25,1877728.5,1854206.5,1937672.125,2044520.75,2124068.25,2170986,2244687.5,2252276.75,2262816,2362107.25,2394938,2468066.75,2496223,2640004.75,2724541.25,2832487.25,3004415.5,3157466.25,3153493.75,3390896,3525664.5,3593399,3701374,3720027.5,3588124,3470579.75,3516491.25,3579213.5,3622908,3504194,3671084.75,3781830.25,3904424
BRA,Brazil,rnna,Capital stock at constant 2021 national prices (in mil. 2021US$),582001.25,624939.125,673337.375,703590.25,743932.0625,781589.0625,813658.1875,866949.0625,916122.6875,983107.375,1041793.6875,1107400.625,1174712.625,1227664.125,1289220.5,1362310.75,1441968.75,1509781.625,1602325.625,1755663,1899489,2069543.625,2272261.5,2526317.75,2814517.75,3125674.5,3450161.75,3750936.25,4061561.75,4376795,4752166,5030963.5,5265711,5415232.5,5565121,5752437,6040676.5,6317081.5,6558632,6802021,6993437,7212156,7392581,7600646.5,7878747.5,8179733.5,8460979,8777883,9074652,9293648,9537031,9778965,10002563,10191649,10431064,10671937,10945942,11292221,11717546,12089364,12606681,13162274,13695775,14268476,14758300,15059962,15229873,15382827,15590053,15835345,16064923,16418747,16772648,17073944
BRB,Barbados,rgdpna,Real GDP at constant 2021 national prices (in mil. 2021US$),,,,,,,,,,,806.424011230469,864.223022460938,906.773498535156,865.391235351563,899.000244140625,991.316467285156,1020.44036865234,1173.15051269531,1269.98388671875,1390.8955078125,1533.73498535156,1593.74572753906,1614.046875,1635.68627929688,1559.61328125,1622.07800292969,1692.80407714844,1754.45959472656,1840.0234375,1985.25659179688,2072.0732421875,2032.10754394531,1931.89697265625,1941.71142578125,2010.6708984375,2032.36596679688,2135.93408203125,2190.6884765625,2266.36303710938,2347.97778320313,2270.49560546875,2181.64892578125,2029.26672363281,2054.06103515625,2131.8017578125,2174.93383789063,2261.19775390625,2368.38159179688,2456.97021484375,2464.9765625,2574.74340820313,2513.79052734375,2533.677734375,2588.69018554688,2625.10717773438,2729.19189453125,2883.89624023438,3049.32592773438,3175.78540039063,3120.16186523438,3154.712890625,3131.63842773438,3121.82666015625,3090.2841796875,3092.83081054688,3066.66259765625,3121.61499023438,3125.62426757813,3088.927734375,3109.08569335938,2641.0322265625,2634.29858398438,3104.06958007813,3231.14477539063
BRB,Barbados,rnna,Capital stock at constant 2021 national prices (in mil. 2021US$),,,,,,,,,,,2547.40991210938,2741.69067382813,2926.0849609375,3120.47631835938,3300.88159179688,3500.99047851563,3698.35815429688,3936.33203125,4277.3388671875,4611.24853515625,5031.2939453125,5347.58740234375,5662.0458984375,5957.4384765625,6312.96875,6650.99365234375,7189.1279296875,7577.59375,8099.9326171875,8571.4365234375,9083.8369140625,9719.7734375,10129.431640625,10421.3642578125,10616.9638671875,10765.833984375,10982.4150390625,11224.7841796875,11526.96484375,11908.8525390625,12223.2177734375,12516.927734375,12469.064453125,12537.2255859375,12780.9091796875,12976.724609375,13200.3984375,13748.748046875,14459.0107421875,15043.8623046875,15511.763671875,15888.228515625,16515.4765625,16816.552734375,17140.6875,17478.6796875,18124.8203125,18573.662109375,19009.701171875,19211.87890625,19760.40625,20446.576171875,21050.15234375,21645.595703125,22220.37890625,22794.744140625,23324.529296875,23789.96875,24156.412109375,24596.548828125,25140.986328125,25647.359375,26402.109375,27145.70703125
BRN,Brunei Darussalam,rgdpna,Real GDP at constant 2021 national prices (in mil. 2021US$),,,,,,,,,,,,,,,,,,,,,14132.2265625,15544.5185546875,17121.619140625,18760.740234375,20925.884765625,21001.0703125,25233.919921875,27987.83203125,29890.6953125,36628.6953125,34065.953125,27311.953125,28390.9609375,28533.333984375,28705.302734375,28277.37890625,25033.07421875,25110.591796875,25019.6171875,25571.904296875,25850.48828125,26663.73046875,27932.546875,28017.62109375,28898.884765625,30193.181640625,31062.236328125,30604.541015625,30433.05859375,31362.171875,32256.884765625,33142.328125,34425.55078125,35425.03125,35603.65625,35741.77734375,37313.4453125,37370.21484375,36646.87890625,35999.62109375,36935.28125,38318.28515625,38668.1796875,37846.56640625,36897.421875,36752.640625,35841.9375,36318.1796875,36337.203125,37743.02734375,38170.875,37563.66796875,36952.0078125,37471.9453125
BRN,Brunei Darussalam,rnna,Capital stock at constant 2021 national prices (in mil. 2021US$),,,,,,,,,,,,,,,,,,,,,63902.65234375,62567.984375,61607.1015625,61025.42578125,60006.70703125,60138.2265625,60860.57421875,61199.76953125,61965.04296875,63515.25,65241.1875,67211.0625,69311.9765625,71448.15625,73769.1875,76381.6484375,79346.25,81771.234375,84605.890625,88143.2109375,91794.4296875,95787.5703125,100972.09375,107975.4140625,113230.859375,119278.1953125,135379.46875,142153.484375,146820.078125,148886.578125,148150.265625,148323.28125,151919.671875,153071.3125,154542.6875,156146.46875,157951.90625,162124.515625,167511.203125,172676.875,177105.4375,186072.515625,199748.984375,215517.84375,222651.375,230952.109375,236970.921875,244146.984375,256078.65625,266467.59375,274487.09375,279431.59375,283982.75,288723.96875
BTN,Bhutan,rgdpna,Real GDP at constant 2021 national prices (in mil. 2021US$),,,,,,,,,,,,,,,,,,,,,466.035736083984,478.511962890625,484.078277587891,491.180145263672,516.516540527344,499.433685302734,544.156188964844,587.151245117188,628.99462890625,659.129638671875,692.143615722656,771.403930664063,788.939880371094,852.91357421875,906.127014160156,958.176208496094,1094.23291015625,1437.33435058594,1524.57434082031,1640.32067871094,1826.87060546875,1840.39416503906,1907.91552734375,1946.32409667969,2060.73168945313,2200.42797851563,2341.3740234375,2508.81396484375,2694.7568359375,2943.88500976563,3239.73803710938,3477.158203125,3840.30517578125,4139.33251953125,4352.80859375,4654.67919921875,4917.240234375,5709.1513671875,5967.74462890625,6425.32080078125,7246.96533203125,7862.1787109375,8268.24609375,8411.810546875,8906.5166015625,9499.7626953125,10304.95703125,10520.0048828125,10888.40234375,11515.046875,10338.392578125,10795.4912109375,11358.353515625,11912.9365234375
BTN,Bhutan,rnna,Capital stock at constant 2021 national prices (in mil. 2021US$),,,,,,,,,,,,,,,,,,,,,2479.41455078125,2604.76440429688,2728.7041015625,2852.4365234375,2983.44604492188,3102.1865234375,3240.01513671875,3388.84692382813,3554.27954101563,3736.79150390625,3899.7392578125,4121.54541015625,4377.3173828125,4725.49462890625,5038.35595703125,5432.6982421875,5839.90478515625,6243.96728515625,6616.4970703125,6924.72998046875,7186.794921875,7475.701171875,7919.83056640625,8474.5224609375,9068.2177734375,9676.7802734375,10307.1982421875,10970.3828125,11759.5390625,12922.3017578125,14363.751953125,16098.7080078125,18453.73828125,20757.3984375,23055.5625,25186.0546875,26963.462890625,28500.572265625,30291.4921875,32817.21875,36723.3359375,41088.37109375,45348.80859375,48617.75390625,51442.87109375,54776.69921875,58540.9765625,62166.07421875,65660.296875,68544.7421875,70046.171875,72469.9921875,76447.546875,79177.4375
BWA,Botswana,rgdpna,Real GDP at constant 2021 national prices (in mil. 2021US$),,,,,,,,,,,535.476379394531,576.679138183594,620.867614746094,646.637939453125,683.692626953125,651.867553710938,698.668212890625,833.9951171875,953.034790039063,950.892395019531,1070.64672851563,1347.099609375,1702.22119140625,2064.8486328125,2246.50952148438,2436.25561523438,2695.65283203125,2981.30786132813,3329.01171875,3804.60815429688,4269.478515625,4770.81884765625,5173.31005859375,5788.84619140625,6576.66650390625,7183.6220703125,7710.7060546875,8344.8896484375,9364.8974609375,12480.8642578125,13370.3388671875,14362.953125,14793.9931640625,15077.4609375,15624.763671875,16723.248046875,17698.181640625,19118.734375,19256.76953125,21118.3671875,21538.13671875,21592.111328125,22802.95703125,23753.970703125,24290.509765625,25286.7734375,27282.478515625,28862.82421875,29801.478515625,25586.275390625,28176.1875,30103.015625,30051.568359375,33388.12890625,35290.2421875,33578.31640625,35996.5625,37477.1875,39047.375,40231.5859375,36719.515625,41096.70703125,43351.28515625,44535.17578125
BWA,Botswana,rnna,Capital stock at constant 2021 national prices (in mil. 2021US$),,,,,,,,,,,1336.41247558594,1344.7646484375,1371.69079589844,1410.78295898438,1477.67541503906,1461.95556640625,1565.43017578125,1721.07055664063,1987.85876464844,2111.37353515625,2532.48461914063,3274.49047851563,4200.427734375,5193.41552734375,5837.892578125,6336.6640625,6711.615234375,7070.02783203125,7476.26513671875,8104.8974609375,9009.7763671875,10100.7080078125,11132.1708984375,11948.2587890625,12599.916015625,13446.8310546875,14334.427734375,15187.6494140625,16528.287109375,19329.421875,22223.482421875,24805.26953125,27051.015625,29062.9921875,30913.974609375,32914.09375,34774.6328125,37284.875,40122.4140625,43410.69140625,46595.86328125,49917.890625,52880.9609375,55693.25390625,58839.1015625,61558.17578125,64569.375,69661.53125,75430.09375,81100.6953125,87034.4296875,95571.5078125,104278.0234375,112205.8359375,120142.1015625,128305.765625,136946.46875,144851.703125,153795.328125,164076.875,172397.6875,180652.625,188664.5625,197129.5
CAF,Central African Republic,rgdpna,Real GDP at constant 2021 national prices (in mil. 2021US$),,,,,,,,,,,3494.15942382813,3661.6640625,3478.87036132813,3483.72314453125,3544.8642578125,3588.24145507813,3613.41748046875,3720.57690429688,3812.7001953125,4122.138671875,4198.63525390625,4071.171875,3990.89233398438,4171.591796875,4047.154296875,4120.814453125,4303.783203125,4649.86376953125,4706.0908203125,4590.08203125,4384.5107421875,4452.37646484375,4532.34814453125,4256.0029296875,4563.50830078125,4715.77392578125,4884.50244140625,4643.650390625,4740.43603515625,4857.78076171875,4782.7236328125,4839.15234375,4774.75341796875,4758.119140625,5004.41943359375,5262.298828125,4865.09228515625,5162.87451171875,5397.92138671875,5718.455078125,5828.357421875,5865.10400390625,5829.32763671875,5418.26123046875,5568.24755859375,5700.8701171875,5971.88720703125,6212.62548828125,6374.958984375,6554.2294921875,6857.744140625,7145.39990234375,7506.51171875,4774.74365234375,4778.6142578125,4985.86865234375,5222.71337890625,5459.16015625,5666.03125,5841.6787109375,5894.25390625,5952.189453125,5982.07666015625,6034.1357421875
CAF,Central African Republic,rnna,Capital stock at constant 2021 national prices (in mil. 2021US$),,,,,,,,,,,23625.509765625,24891.263671875,26169.3671875,27241.326171875,28387.994140625,29409.84375,30387.953125,30902.798828125,31570.296875,32259.28515625,33162.73046875,34048.5625,34791.01171875,35960.12109375,36199.11328125,36248.42578125,36147.3203125,36183.453125,35854.5546875,35909.28125,35262.78125,35009.01171875,34256.921875,34196.03125,34084.0546875,34769.39453125,35341.58984375,35722.83984375,35697.03125,35877.328125,36304.8359375,36792.4140625,37213.19921875,37238.67578125,37737.515625,38586.48828125,37891.60546875,37474.26171875,37217.82421875,37747.203125,38039.4921875,38248.3046875,38387.3984375,38026.109375,37803.1328125,38065.45703125,38440.4921875,38716.296875,39055.89453125,39445.86328125,40070.32421875,40422.125,40550.828125,39845.33984375,40245.0390625,40700.16796875,41244.58984375,42083.49609375,42937.9765625,43518.7265625,44590.54296875,45266.39453125,45814.42578125,46307.7265625
CAN,Canada,rgdpna,Real GDP at constant 2021 national prices (in mil. 2021US$),216816.78125,226292.734375,245247.203125,257327.609375,254440.046875,277947.1875,303683.03125,311403.8125,316550.96875,329418.90625,339713.21875,349327.78125,373364.0625,392593.125,418231.875,445473.03125,475919,488738.375,514377.09375,541618.25,556040.0625,578386.4375,610311.4375,651377.125,673248.9375,683653.375,723915.5625,749504.75,777506.0625,806469.75,824028.125,852169.25,825188.25,846331.75,896253.1875,938714.75,958629.4375,997664.9375,1041670.375,1066017.625,1068181.125,1045844.875,1055157.625,1083200.625,1131880.25,1162241.125,1181870.875,1232456.875,1280435,1346262.25,1415440.5,1441981.375,1485230.125,1512059.125,1558817.375,1608862.5,1651303.5,1685153.5,1701927.625,1652315,1703384.875,1756823.375,1787667.25,1829245.125,1881807.875,1894039.125,1913709.625,1971768.25,2025853.25,2064515.375,1960500.25,2064151,2142998.75,2169763.25
CAN,Canada,rnna,Capital stock at constant 2021 national prices (in mil. 2021US$),701588,735637.5,768290.0625,808864.375,838086.3125,879827.8125,939586.4375,993514.875,1039354.4375,1090730.75,1139645.5,1187119.375,1241848.5,1298774.75,1364242.25,1446952.75,1539131.25,1614439.375,1692662.75,1782433.125,1857970.375,1942730.25,2030653.375,2128702.5,2231910.5,2338360.25,2449426.25,2562379.25,2676455.25,2798397.75,2927349.25,3075546.5,3185758.25,3287797.75,3390773.5,3509605.5,3632857,3775359,3937817,4106727,4255429,4381388.5,4493383,4598013.5,4717530.5,4825124.5,4942917.5,5090566.5,5239633.5,5392401.5,5549067.5,5715992,5878819.5,6055079,6256085,6484737.5,6729171,6974573.5,7216122.5,7393991,7616430.5,7854439,8110618.5,8366380,8628899,8857728,9056973,9269414,9490253,9710064,9905462,10147049,10370393,10570840
CHE,Switzerland,rgdpna,Real GDP at constant 2021 national prices (in mil. 2021US$),133874.484375,144721.203125,145916.1875,151082.1875,159538.96875,170312.171875,181600.140625,188825.171875,184780.609375,196454.671875,210187.734375,227229.984375,238113.484375,249732.375,262858.78125,271223.65625,277897.15625,286390.71875,296667.53125,313378.84375,333362.59375,346948.59375,358052.6875,368972.96875,374341.1875,347077.28125,342205.4375,350533.53125,351967.5,360736.84375,377337.84375,383380.25,378360.25,380778.25,392233.8125,406642.90625,414200.875,420767.9375,434559,453378.84375,470038.875,465734.1875,465530.5,464944,470847.65625,473111.8125,475341.46875,486090.5,500818.90625,509146.03125,529301.6875,537641.6875,537248.0625,537074,551584.125,566751.0625,589838.375,612938.6875,630149.875,615673,635641.6875,647166.5625,654798.375,666533.3125,682196.0625,693415.5625,707760.1875,717405.5625,737926.5625,746353.5,730368.5625,770974.375,794443.3125,799871.8125
CHE,Switzerland,rnna,Capital stock at constant 2021 national prices (in mil. 2021US$),495396.53125,504601.75,509961.15625,515627.0625,526824.8125,543590.5625,564968.125,587399.125,600036.875,618951.625,646215.5,681305.875,716747.4375,752001.1875,791367.0625,825452.5,857869.5625,891832.375,925047.5625,960949.1875,1008386.8125,1062022.625,1117484.75,1172947.75,1221317.25,1253594.625,1275523,1298864.75,1327172.125,1359074,1399309.375,1439085,1472028.625,1507738.75,1546081.25,1587311,1634982,1684420,1741723.5,1802434.625,1866461.875,1923017.625,1964746,2000227.25,2040541.25,2086647.875,2129770.5,2177263.5,2235442.75,2293253.75,2352489,2405543,2456137.25,2503626.5,2557653.75,2617286.75,2681803.25,2749927,2815004.75,2862852.75,2912344.5,2967042,3025920,3081607,3142782.75,3206557.5,3273300.25,3344311.25,3412129.5,3478718.5,3542198.5,3608992,3673966,3737912.5
CHL,Chile,rgdpna,Real GDP at constant 2021 national prices (in mil. 2021US$),,34934.203125,36610.296875,39937.421875,37714.0703125,39610.91796875,39855.56640625,42928.05078125,44931.01953125,44229.40625,48892.7265625,51245.8515625,53598.98046875,56997.94140625,58305.23046875,58828.14453125,65364.609375,67456.265625,69809.3984375,72423.984375,73992.734375,80618.953125,79640.9140625,75208.8828125,75941.7578125,66137.5546875,68464.2578125,75214.109375,81394.6953125,88135.3984375,95137.734375,101048.0703125,87317.578125,84870.8984375,89865.9296875,91634.8671875,96762.9609375,103143.7734375,110684.921875,122373.5,126898.3515625,137012.03125,153834.390625,164581.671875,173976.203125,192465.65625,206734.09375,222015.34375,231297.5625,230664.65625,242132.4375,249769.375,257768.96875,269944.03125,287960.8125,304769.1875,323207.71875,339911.84375,352792.40625,348848.09375,369261.40625,392243.90625,416387.84375,430164.0625,437875.40625,447298.21875,455139.5,461318.9375,479725.6875,482768.9375,453110.15625,504465.4375,514851.0625,515977.5
CHL,Chile,rnna,Capital stock at constant 2021 national prices (in mil. 2021US$),,85540.8203125,87213.484375,90605.6953125,92252.2265625,95291.0546875,98553.8046875,101489.25,104417.34375,106893.171875,111227.5703125,116473.6953125,121038.7421875,126987.265625,134711.984375,142115.609375,154043.265625,164295.28125,175538.90625,187629.4375,200815.140625,213337.921875,222214.765625,230062.953125,240025.796875,246311.140625,250461.59375,255608,262279.5,270708.28125,281601.59375,294550.875,298939.78125,301274.6875,305787.84375,311722.125,315770.34375,322879.84375,332224.125,347002.5,361306.65625,374080.5,391429.8125,413491.375,436030,464971.75,495932.5,531373.5625,567919.25,594710.9375,624921.125,655362.125,686735.375,721246.0625,761100.5625,813611.25,867475.6875,925700.5,998714.5,1055187.5,1117952.375,1191439.875,1275040.375,1356135.5,1428125.5,1498107.875,1562235.75,1619323.75,1682605.375,1750039.125,1800015.25,1868156.5,1939398,2005060
CHN,China,rgdpna,Real GDP at constant 2021 national prices (in mil. 2021US$),,,187099.921875,200522.296875,208047.984375,216307.8125,244697.3125,256734.890625,293452.46875,308740.28125,302222.4375,245150.078125,244256.328125,264542.65625,298682.03125,335528.9375,361677.8125,349710.84375,340278.59375,374077.0625,417947.15625,447203.4375,464197.125,500868.75,512388.71875,556966.5625,548055.125,589707.25,658703,708715.3125,764227.5,803291.75,875739.75,970043.8125,1117421.875,1267498.75,1380926.875,1541915,1714947.375,1787095.625,1857144.75,2029162.375,2317807.25,2639603.75,2983718.25,3310553,3639051,3975175,4287072,4615530.5,5007389.5,5424793,5920274,6514553.5,7173414,7990793.5,9007300,10289115,11282083,12342457,13655183,14959365,16135730,17388854,18680110,19995438,21364878,22849138,24391402,25842820,26421342,28653542,29499014,31047584
CHN,China,rnna,Capital stock at constant 2021 national prices (in mil. 2021US$),,,398372.5625,428302.59375,462017.84375,491488.34375,526665.4375,564802.3125,633749.5,735937.6875,818756.8125,829186.875,820127.375,830423.9375,859110.5625,909331.5625,978724.375,1014783.125,1049282.875,1094459.875,1189310.25,1293724.375,1395914.875,1504131.5,1629548.125,1782123.875,1921344.5,2063369.75,2240512.25,2418464.75,2626428.75,2820224.5,3040363.75,3285501.75,3572324.5,3923363.75,4299320,4697350.5,5153502,5487767,5772352.5,6129512,6667980,7461987.5,8335410,9279385,10315911,11413979,12711590,14058341,15487957,17124416,19022494,21374392,24049898,27050484,30437274,34227428,38462012,43962712,50110612,56670656,63722176,71349296,79360160,87775192,96755824,106217664,116379784,126968344,137695824,148589856,159623808,171095104
CIV,Côte d'Ivoire,rgdpna,Real GDP at constant 2021 national prices (in mil. 2021US$),,,,,,,,,,,10235.2763671875,11615.8369140625,11604.9111328125,13215.5146484375,15717.2412109375,15310.927734375,17067.27734375,17742.474609375,20389.501953125,21915.71875,24027.525390625,26299.951171875,27413.640625,29041.7265625,30298.603515625,32799.0546875,36733.234375,38459.6796875,42267.15234375,43070.203125,38351.2421875,39693.5234375,39773.265625,38222.21875,37189.84765625,38863.6171875,40130.0234375,39990.859375,40433.66015625,45241.1640625,44684.50390625,44709.80859375,44431.48046875,44254.359375,45203.2109375,48391.34765625,51655.38671875,54590.26953125,57390.125,58505.359375,57295.24609375,57364.79296875,56408.1328125,55641.26171875,56326.61328125,57296.140625,58164.66015625,59191.28125,60701.6953125,62675.37890625,67484.578125,68235.21875,79293.03125,91459.609375,104994.875,120615.6875,129266.234375,138847.59375,145570.359375,155354.84375,156443.609375,167492.078125,177907.28125,189535.1875
CIV,Côte d'Ivoire,rnna,Capital stock at constant 2021 national prices (in mil. 2021US$),,,,,,,,,,,10720.3017578125,12871.9072265625,14124.4619140625,16190.873046875,19345.875,22189.912109375,25232.470703125,27879.587890625,30504.009765625,33828.61328125,38009.83203125,42253.78125,46069.70703125,50965.90625,54941.91796875,59785.34765625,66102.03125,76054.90625,88459.6328125,98640.7734375,106585.4140625,114096.75,120200.8671875,123579.6875,123618.4609375,123772.5078125,124269.9140625,124348.34375,124120.078125,123750.109375,122490.078125,121506.7421875,120610.7109375,119829.2265625,119820.09375,121110.9453125,123616.8046875,126059.09375,128755.5703125,131949.359375,132351.921875,131934.328125,132962.4375,132965.203125,133802.890625,134388.578125,135783.984375,138600.15625,141717.046875,144981.78125,151175.140625,153292.375,160657.546875,175787.09375,196116.078125,221710.890625,248651.359375,274208.3125,300911.9375,328893.09375,356772.4375,390001.125,428879.875,470748.84375
CMR,Cameroon,rgdpna,Real GDP at constant 2021 national prices (in mil. 2021US$),,,,,,,,,,,15541.716796875,15766.2783203125,16231.5205078125,16754.470703125,17375.568359375,18179.638671875,19079.73828125,16964.927734375,18168.068359375,18795.24609375,19787.306640625,20353.8203125,20957.892578125,21965.7265625,22732.556640625,23599.5390625,22302.712890625,25367.078125,30948.59765625,32816.37890625,36734.01953125,39412.25,42347.796875,45906.265625,49599.82421875,50766.32421875,48097.7421875,45402.35546875,43689.05859375,44027.23046875,42986.8671875,43043.2109375,43419.3515625,43750.01171875,44571.11328125,45861.0078125,47794.078125,49957.86328125,52318.6484375,54678.8984375,56774.41796875,59229.5,61881.21875,65255.6953125,69855.4765625,71412.0390625,74132.546875,77340.6953125,79543.1171875,81594.7265625,83960.1796875,86797.375,90812.6015625,95349.171875,100802.96875,106515.4296875,111346.7421875,115289.7265625,119850.0390625,124014.8671875,124337.2578125,128488.5546875,133290.046875,137619.765625
CMR,Cameroon,rnna,Capital stock at constant 2021 national prices (in mil. 2021US$),,,,,,,,,,,14132.876953125,14819.2587890625,15537.15625,16285.685546875,17125.859375,18500.41015625,20206.681640625,21536.837890625,22807.07421875,23893.02734375,25638.513671875,26936.654296875,27887.5703125,29126.5625,30702.7890625,32208.103515625,33954.6796875,36549.421875,40659.4453125,43823.87890625,47682.43359375,51690.2578125,56213.23046875,61417.44140625,67169.734375,72712.328125,77273.6796875,80885.296875,84200.890625,86138.1796875,87551.3125,88616.0234375,88834.2265625,90844.7421875,93701.7109375,96210.46875,99000.75,102697.0078125,106209.9609375,109565.4375,113503.2421875,118008.2578125,122554.015625,126282.953125,130982.234375,135516.1875,140151.65625,145638.8125,151830.65625,157522.890625,164096.09375,171047.28125,178330.515625,187255.515625,198378.828125,209458.875,221879.765625,234441.828125,248164.859375,262348.65625,275100.625,288860.78125,304295.59375,320468.46875
COD,D.R. of the Congo,rgdpna,Real GDP at constant 2021 national prices (in mil. 2021US$),25365.7734375,29073.7265625,31157.734375,34333.98828125,35852.796875,38153.01171875,40294.234375,40694.54296875,39815.9453125,40676,44388.3984375,39710.3125,45367.1953125,46556.1640625,46748.60546875,45773.6796875,48581.35546875,48026.9453125,51125.70703125,55167.6328125,55030.1171875,58334.6796875,58422.84765625,63176.87890625,65154.68359375,61908.91015625,58622.171875,59068.1640625,55910.80078125,56151.26171875,57383.73828125,58732.5546875,58463.75,59289.078125,62574.33203125,62867.0859375,65832.6640625,67594.1015625,67912.0546875,67052.265625,62648.05859375,57372.43359375,51348.3203125,44432.1875,42699.3359375,42998.2265625,42558.28515625,40167.765625,39515.37890625,37828.01953125,35213.9921875,34474.32421875,35490.23828125,37469.65625,39994.8359375,42448.66796875,44707.328125,47505.7578125,50463.42578125,51904.19921875,55593.515625,59415.421875,63626.09375,69022.8515625,75559.1953125,80785.4765625,82724.4609375,85784.921875,90747.6875,94782.8828125,96427.65625,102406.328125,111155.7265625,121094.90625
COD,D.R. of the Congo,rnna,Capital stock at constant 2021 national prices (in mil. 2021US$),11617.7705078125,12853.2890625,14539.41015625,16538.173828125,18436.9296875,20427.779296875,22417.34375,24262.322265625,25660.19140625,26702.255859375,27158.4609375,27440.27734375,27420.888671875,28598.673828125,29894.51171875,31179.884765625,32267.859375,33155.2109375,34107.77734375,35724.2734375,37382.41015625,39889.75,42856.70703125,45493.19921875,49150.6953125,51915.45703125,53728.875,58175.296875,59632.28515625,62076.796875,67115.46875,72589.40625,77694.296875,83451.2890625,89112.2734375,94510.8671875,99611.109375,104590.671875,109959.9609375,114688.328125,117344.171875,118584.8828125,118656.6015625,118005.0703125,117472.984375,116994.3125,116407.3828125,115682.9765625,114988.2890625,114448.3984375,113791.3671875,113289.234375,113545.0234375,113885.3203125,114084.515625,114643.6015625,115649.7421875,116952.7265625,118370.3125,121965.6640625,126069.7109375,134349.796875,142291.515625,149634.140625,157223.9375,163393.1875,169563.40625,179007.921875,189405.15625,197437.296875,207369.890625,235951.5625,273132.625,351804.46875
COG,Congo,rgdpna,Real GDP at constant 2021 national prices (in mil. 2021US$),,,,,,,,,,,4047.62548828125,4769.61181640625,4679.41015625,4446.48779296875,4584.1708984375,4787.1044921875,5071.4609375,5691.01123046875,6231.18994140625,6908.77734375,7755.97607421875,8456.27734375,8806.0595703125,10335.0283203125,10250.1533203125,10161.74609375,10644.796875,9860.78125,10454.2236328125,11631.091796875,13105.708984375,15886.51171875,19630.67578125,20731.896484375,22228.443359375,21972.236328125,20460.134765625,20498.884765625,20483.3203125,20467.44921875,20298.599609375,20989.203125,21866.685546875,22154.349609375,21843.857421875,22709.984375,23503.79296875,23267.82421875,25350.2109375,24417.953125,27287.64453125,25971.689453125,26227.546875,26347.833984375,26295.88671875,28718.099609375,31011.59375,28960.490234375,30786.84765625,34369.6015625,37782.93359375,38616.40234375,42457.6328125,42155.1484375,44956.8046875,45143.4609375,41222.64453125,38916.328125,38019.57421875,37982.7265625,35602.0546875,36418.1640625,37073.15625,37806.078125
COG,Congo,rnna,Capital stock at constant 2021 national prices (in mil. 2021US$),,,,,,,,,,,9517.75390625,11773.1103515625,12743.6552734375,13092.6201171875,13342.9052734375,13713.8369140625,14644.8466796875,16153.0419921875,17445.95703125,18553.544921875,19508.330078125,20765.6015625,22051.728515625,23260.771484375,24493.6328125,25771.869140625,26998.63671875,27776.69140625,28796.30859375,30455.8359375,33794.546875,40736.703125,51807.06640625,58330.0078125,63102.18359375,67376.7265625,69033.6484375,69319.1328125,69401.8046875,69517.5234375,70563.3359375,72091.109375,73550.46875,76629.28125,83851.9140625,86862.3046875,89248.03125,89412.0546875,94998.6953125,95588.5625,96594.4296875,98677.46875,101767.4375,105849.6015625,109636.5234375,113630.0390625,118127.765625,132557.8125,144259.328125,155891.609375,166936.8125,176756.203125,192663.765625,212195.453125,235540.59375,265299.59375,289254.65625,295152.03125,297559.9375,300084.1875,299381.5,297025.1875,297448.90625,299229.125
COL,Colombia,rgdpna,Real GDP at constant 2021 national prices (in mil. 2021US$),49730.36328125,50900.3203125,54268.15625,58528.79296875,63028.14453125,65726.6015625,67412.375,67763.21875,68437.703125,73020.859375,77214.6328125,81723.546875,85689.84375,88255.4375,95229.9375,96211.046875,101569.0703125,105590.2734375,112503.65625,119906.234375,128314.8984375,135963.40625,146390.640625,156232.421875,165209.140625,169047.390625,177040.5625,184402.8125,200021.546875,210780.921875,219396.3125,224391.671875,226519.84375,230085.171875,237794.59375,245183.125,259462.765625,273393.15625,284504.34375,294217.59375,306815.96875,312957.21875,325616.09375,344209.34375,361926.96875,380756,388583.8125,401913.40625,404203.40625,387210.65625,398536,405223.03125,415369.71875,431645.03125,454664.78125,476063.84375,508040.375,542273.125,560078.4375,566461.3125,591921.8125,633047.9375,657816.75,691589.0625,722703.875,744066.3125,759597.75,769923.4375,789666.8125,814832.3125,756279.1875,837966.375,899044.75,906207.25
COL,Colombia,rnna,Capital stock at constant 2021 national prices (in mil. 2021US$),143208.3125,151784.46875,160910.5,172045,186641.921875,201757.390625,216162.8125,227867.140625,235389.625,243766.84375,255918.640625,270040.34375,282011.125,292915.65625,306541.4375,318967.84375,333577.34375,348338.34375,367322.15625,386308.6875,409863.4375,433945.40625,455843.5,480267.3125,507448.3125,531400.4375,558505.75,584342.5625,613581.9375,643011.5,677996.1875,714784,751304.5625,787105.4375,822389.8125,853695.25,889512.25,924429.25,966031,1001388.5625,1032796.1875,1057712.875,1090842.375,1144227.5,1204123.75,1261209.625,1314146,1362791.625,1403873.25,1408990.125,1412782.5,1423465.625,1442765.875,1471821.375,1508649.5,1556119.125,1620708.875,1702756.625,1771569,1841114.875,1916421.25,2002981.125,2086343.625,2175999.5,2276362.5,2382179.25,2478521.5,2574892.75,2669737,2765520,2811806.5,2882305,2970245.75,3038053
COM,Comoros,rgdpna,Real GDP at constant 2021 national prices (in mil. 2021US$),,,,,,,,,,,333.093688964844,357.583282470703,407.019256591797,459.438507080078,510.041900634766,509.48779296875,566.126403808594,628.415283203125,630.975402832031,618.486938476563,636.527160644531,663.778381347656,678.446472167969,728.122314453125,750.246337890625,799.584167480469,801.912963867188,833.784423828125,859.138854980469,941.305908203125,1010.81463623047,1049.88171386719,1116.90222167969,1170.74841308594,1218.86926269531,1243.24670410156,1268.11157226563,1288.88317871094,1323.52197265625,1301.8603515625,1312.95825195313,1336.34118652344,1450.34326171875,1493.93969726563,1415.10925292969,1466.19482421875,1446.54772949219,1507.59204101563,1524.92919921875,1554.2080078125,1591.423828125,1628.02648925781,1665.47106933594,1700.44592285156,1732.75439453125,1781.27160644531,1829.26818847656,1534.83459472656,1595.68481445313,1699.19580078125,1780.77514648438,1885.63000488281,2004.62536621094,2183.58374023438,2268.64916992188,2313.84204101563,2378.17236328125,2511.25927734375,2613.20678710938,2708.03393554688,2816.49926757813,2895.24877929688,2983.04760742188,3355.318359375
COM,Comoros,rnna,Capital stock at constant 2021 national prices (in mil. 2021US$),,,,,,,,,,,2119.08325195313,2184.47338867188,2341.4501953125,2488.60083007813,2694.28979492188,2952.85571289063,3256.9501953125,3544.84228515625,3751.41284179688,3939.91259765625,4282.96923828125,4632.1396484375,4978.26025390625,5349.8818359375,5727.943359375,6130.8740234375,6525.2080078125,6940.845703125,7353.134765625,7825.53857421875,8370.6787109375,8844.0361328125,9437.0634765625,9995.0751953125,10615.6796875,11231.333984375,11986.9248046875,12543.9306640625,13056.2900390625,13377.3232421875,13566.046875,13757.0693359375,14020.435546875,14097.1025390625,14207.37109375,14400.482421875,14600.0576171875,14674.8671875,14813.31640625,14872.9267578125,14839.7451171875,14866.990234375,14881.28125,14794.859375,14764.107421875,14758.822265625,14835.9658203125,14809.853515625,14885.7197265625,14931.4755859375,14978.2001953125,15117.791015625,15322.697265625,15470.169921875,15611.2568359375,15745.0986328125,15809.3515625,15886.53125,16092.623046875,16215.90234375,16248.6162109375,16359.66796875,16544.294921875,16799.501953125
CPV,Cabo Verde,rgdpna,Real GDP at constant 2021 national prices (in mil. 2021US$),,,,,,,,,,,336.555877685547,366.255523681641,327.019775390625,295.12353515625,321.354614257813,332.754760742188,403.766754150391,465.109802246094,509.961975097656,550.186767578125,611.264526367188,644.059875488281,658.957580566406,669.533447265625,685.346374511719,569.469482421875,581.316528320313,552.385437011719,605.773193359375,625.145324707031,658.042358398438,713.646850585938,733.809143066406,803.680419921875,834.079162597656,906.161254882813,932.184509277344,972.347778320313,1030.658203125,1089.39477539063,1096.89074707031,1112.32055664063,1146.17370605469,1230.00085449219,1315.20959472656,1413.71789550781,1508.39184570313,1623.60791015625,1760.21142578125,1969.0048828125,2112.06884765625,2269.53735351563,2419.109375,2563.86083984375,2706.80737304688,2919.1337890625,3255.12670898438,3580.60278320313,3832.64184570313,3775.01513671875,3844.34008789063,3995.21948242188,4038.513671875,4064.04248046875,4092.35546875,4130.6611328125,4307.48291015625,4503.52978515625,4670.47412109375,4994.970703125,3955.7529296875,4233.982421875,4972.349609375,5228.3828125
CPV,Cabo Verde,rnna,Capital stock at constant 2021 national prices (in mil. 2021US$),,,,,,,,,,,1217.93505859375,1346.78198242188,1424.59912109375,1456.06909179688,1491.03295898438,1542.75427246094,1623.09912109375,1679.87719726563,1764.98681640625,1898.60925292969,2058.87963867188,2225.01196289063,2391.2734375,2556.28955078125,2721.87524414063,2835.822265625,2952.71118164063,3060.28369140625,3185.2216796875,3311.7890625,3418.48779296875,3573.41430664063,3752.224609375,3923.478515625,4081.48217773438,4250.02197265625,4417.8173828125,4590.6025390625,4764.24755859375,4938.1728515625,5127.7177734375,5311.01171875,5492.74658203125,5734.123046875,6075.7333984375,6337.65380859375,6681.2431640625,6951.6826171875,7206.265625,7569.5751953125,7848.07080078125,8165.80078125,8595.8798828125,9036.6337890625,9666.83203125,10195.353515625,10886.349609375,11959.15625,13015.494140625,13888.6201171875,15039.0615234375,16186.5751953125,16937.140625,17487.591796875,18145.314453125,18624.765625,19170.6796875,19910.52734375,20686.796875,21395.5234375,22093.208984375,22812.703125,23125.263671875,23073.080078125
CRI,Costa Rica,rgdpna,Real GDP at constant 2021 national prices (in mil. 2021US$),4156.4208984375,4298.7109375,4836.4033203125,5680.8486328125,5906.3447265625,6532.6298828125,6449.6201171875,6888.0322265625,7691.20947265625,7917.64208984375,8574.880859375,8512.615234375,9122.0498046875,9702.181640625,10154.2841796875,11273.255859375,11944.5439453125,12621.439453125,13679.9580078125,14443.205078125,15526.7939453125,16576.955078125,17933.53125,19315.177734375,20387.62109375,20816.6015625,21964.2578125,23919.732421875,25418.37109375,26674.6640625,26875.2265625,26267.96875,24354.279296875,25050.673828125,27061.859375,27256.849609375,28763.845703125,30134.34765625,31170.58203125,32936.63671875,34106.578125,34878.1796875,38087.359375,40790.4921875,42633.828125,44404.81640625,45004.48046875,47469.0078125,50865.55859375,53009.44140625,55060.23046875,56982.4765625,58929.49609375,61473.58984375,64193.55078125,66746.3125,71636.609375,77521.65625,81194.7734375,80485.5703125,84799.875,88533.7421875,92856.484375,95173.0390625,98544.171875,102143.078125,106437.5078125,110862.859375,113762.9296875,116513.15625,111534.140625,120385.2265625,125864.5390625,132298.65625
CRI,Costa Rica,rnna,Capital stock at constant 2021 national prices (in mil. 2021US$),9982.3720703125,10292.2470703125,10806.912109375,11373.0283203125,11848.083984375,12426.9736328125,13083.1083984375,13848.4765625,14401.7744140625,15259.283203125,16018.4912109375,16851.15234375,17822.646484375,18779.55859375,19471.35546875,20647.17578125,21863.13671875,23145.7421875,24314.23828125,25772.580078125,27475.212890625,29523.59765625,31614.935546875,33837.39453125,36251.63671875,38418.6171875,41428.28125,44862.23828125,48573.046875,52923.46484375,56359.4609375,58100.60546875,58334.546875,58933.04296875,60669.9609375,62599.89453125,65046.94140625,67949.625,70401.75,73610.9453125,77582.4765625,80277.8125,84879.5390625,90467.0390625,96026.4140625,101882.1640625,106842.734375,113519.2109375,123186.265625,131913.578125,139432.9375,147196.046875,155432.171875,164266.359375,172944.09375,182123.1875,192401.9375,206142.234375,221646.71875,233213.875,245274.8125,257818.4375,272038.0625,286845.5,302080.9375,317543.59375,334284.59375,350167.40625,365779.0625,377905.40625,388582.1875,401313.125,413985.25,428689.46875
CUW,Curaçao,rgdpna,Real GDP at constant 2021 national prices (in mil. 2021US$),,,,,,,,,,,,,,,,,,,,,,,,,,,,,,,,,,,,,,,,,,,,,,,,,,,,,,,,4473.693359375,4546.095703125,4657.57861328125,4758.6669921875,4732.56689453125,4735.64404296875,4764.05810546875,4747.43408203125,4717.25439453125,4687.18701171875,4708.6611328125,4658.38623046875,4598.935546875,4502.1689453125,4357.82373046875,3554.3076171875,3703.009765625,3958.73950195313,4125.0859375
CYM,Cayman Islands,rgdpna,Real GDP at constant 2021 national prices (in mil. 2021US$),,,,,,,,,,,,,,,,,,,,,292.738861083984,302.026184082031,326.514770507813,373.362091064453,410.325744628906,450.948852539063,495.59375,544.658569335938,598.580932617188,657.841735839844,722.969482421875,794.544982910156,873.206665039063,987.707153320313,1061.17297363281,1097.90600585938,1183.61608886719,1293.81469726563,1477.47937011719,1608.08532714844,1820.31970214844,1844.80859375,1901.54052734375,1992.55639648438,2098.26538085938,2199.0771484375,2308.86767578125,2435.80029296875,3173.3154296875,3280.73168945313,3312.84912109375,3331.28955078125,3388.76293945313,3456.53173828125,3487.57348632813,3714.08520507813,3884.9677734375,3917.28149414063,3993.5107421875,3705.95874023438,3605.318359375,3647.466796875,3692.32153320313,3739.55883789063,3838.82641601563,3947.58544921875,4075.48608398438,4205.25146484375,4384.7001953125,4556.38916015625,4330.62890625,4543.04345703125,4777.2978515625,4976.74072265625
CYM,Cayman Islands,rnna,Capital stock at constant 2021 national prices (in mil. 2021US$),,,,,,,,,,,,,,,,,,,,,504.759552001953,563.111206054688,626.338562011719,700.077331542969,781.601684570313,871.057312011719,969.294494628906,1077.6015625,1196.48229980469,1330.58325195313,1473.392578125,1630.71801757813,1802.08227539063,1998.16491699219,2238.79248046875,2416.60107421875,2648.89672851563,2887.22705078125,3219.52075195313,3541.24169921875,3867.86181640625,4198.59765625,4533.29736328125,4880.5791015625,5244.03515625,5621.49267578125,6011.10302734375,6417.43359375,6998.4677734375,7584.04736328125,8157.09130859375,8718.1015625,9275.7333984375,9843.4892578125,10401.7919921875,10994.1103515625,11608.5888671875,12213.9794921875,12823.7900390625,13335.2568359375,13804.619140625,14267.8525390625,14724.6474609375,15181.0068359375,15662.7275390625,16130.3173828125,16642.337890625,17190.3359375,17923.40625,18694.91796875,19552.185546875,20563.05078125,21538.2109375,22585.796875
CYP,Cyprus,rgdpna,Real GDP at constant 2021 national prices (in mil. 2021US$),1491.75463867188,1513.89294433594,1672.75378417969,1847.04565429688,1888.87585449219,1978.09643554688,2323.16748046875,2570.30249023438,2385.94018554688,2519.7998046875,2239.26733398438,2442.63598632813,2676.9521484375,2816.21557617188,2542.10986328125,3083.68994140625,3302.5322265625,3729.16455078125,3934.744140625,4321.5869140625,4449.79736328125,5026.74609375,5373.7998046875,5510.85205078125,4578.73486328125,3708.42431640625,4374.9384765625,5065.01513671875,5452.19287109375,5990.4033203125,6345.03759765625,6538.62646484375,6950.00244140625,7319.65673828125,7965.5087890625,8339.3349609375,8656.9599609375,9267.9921875,10033.896484375,10845.416015625,11685.65625,11764.4990234375,12873.93359375,12964.0390625,13713.046875,15073.923828125,15262.0361328125,15665.134765625,16622.380859375,17453.201171875,18494.376953125,19225.380859375,19941.03125,20464.201171875,21492.796875,22535.826171875,23598.1796875,24801.123046875,25705.681640625,25187.54296875,25762.73828125,25870.099609375,24978.248046875,23332.888671875,22918.40625,23701.966796875,25260.087890625,26712.701171875,28388.111328125,30056.10546875,29088.005859375,32400.568359375,34787,35695.66015625
CYP,Cyprus,rnna,Capital stock at constant 2021 national prices (in mil. 2021US$),20380.66796875,21077.1953125,21852.341796875,22900.865234375,24626.51171875,26498.376953125,28290.4453125,29868.33984375,30292.494140625,30932.7109375,31274.91015625,32117.716796875,33848.05859375,35314.3046875,35778.46484375,37424.80078125,38919.125,40705.68359375,42458.1875,45096.03125,47655.53125,50133.87109375,52719.45703125,55153.82421875,56070.54296875,55633.15234375,55825.81640625,57985.46875,61061.15625,64871.8828125,68765.4140625,72002.921875,75288.9609375,78251.6640625,82343.703125,85498.8984375,88038.1328125,90870.0546875,94342.8984375,99077.890625,103165.1875,106966.0546875,112026,115578.1796875,118626.7109375,121599.4453125,124258.21875,127319.3203125,129164.4609375,132219.984375,135143.578125,138043.1875,141855.0625,145783.765625,150230.34375,155320.5625,162447.296875,170252.15625,178878.78125,185277.71875,191266.8125,195630.359375,197788.015625,198564.953125,198883.328125,199183.25,202707.390625,207813.0625,211795.65625,216406.625,221711.25,227142.625,233595.828125,241320.421875
CZE,Czechia,rgdpna,Real GDP at constant 2021 national prices (in mil. 2021US$),,,,,,,,,,,,,,,,,,,,,,,,,,,,,,,,,,,,,,,,,270506.4375,239087.265625,237876.203125,238023.453125,244948.296875,260187.515625,271033.65625,269418.71875,268359.5,272058.5,282969.84375,291224.6875,295632.25,305390.59375,319854.9375,340245.8125,362780.84375,382693.25,392690.25,373847.65625,383996.40625,390802.28125,387790.5,387628.34375,396331.4375,415984.53125,426720.5625,448797.21875,461499.53125,477955.59375,452600.65625,470836,484241.5,483828.3125
CZE,Czechia,rnna,Capital stock at constant 2021 national prices (in mil. 2021US$),,,,,,,,,,,,,,,,,,,,,,,,,,,,,,,,,,,,,,,,,1934211.5,1962954.875,2001826.75,2025107.875,2046784.875,2084998.25,2129636,2162137.25,2188570,2209549.75,2235036,2262703,2287399,2311265,2336807.5,2365882.75,2397803.25,2442907,2483556,2505638.5,2527355.5,2548247.75,2562194.5,2572485.25,2585116,2608011,2623678.75,2641434.75,2669390.75,2705569,2730506.25,2765371,2808995.5,2851751.5
DEU,Germany,rgdpna,Real GDP at constant 2021 national prices (in mil. 2021US$),573505.0625,629154.75,687880.0625,749155.25,807354.8125,905063.8125,974961.125,1034107.0625,1080214.625,1165148.125,1265407,1328677.25,1391947.625,1429909.75,1518488.375,1607066.75,1645029,1645029,1733607.5,1860148.25,1948726.625,2009774.5,2096201.75,2196347.5,2215896.5,2196690.5,2305410.25,2382577.25,2454257,2556117.75,2592129,2605847.5,2595558.5,2636371.5,2710794.75,2773900.5,2837348.75,2877133,2983795,3100060.25,3262968.5,3429649.5,3498729,3464675.5,3554673.5,3608185.75,3645644,3713264.25,3791100.5,3871855.25,3983258.25,4048445.5,4039202.5,4017798,4064499.25,4100498.5,4258603,4381681,4421572,4176388.75,4349573.5,4513029.5,4534434.5,4551947.5,4650702,4727565,4836048.5,4967397.5,5022855,5072476,4864751,5043287,5112367,5098745
DEU,Germany,rnna,Capital stock at constant 2021 national prices (in mil. 2021US$),1533460.875,1640982.375,1767725.375,1894398.25,2043172.875,2249340.25,2453411.75,2654530.5,2850318.5,3083876.75,3372031,3655636.5,3939226,4204297.5,4515295,4842394.5,5146593,5381993,5658863,5988881.5,6354799,6738914.5,7121239.5,7488477,7785242.5,8042020,8310321.5,8595205,8900164,9228963,9556881,9836133,10072060,10319101,10558161,10791098,11032526,11275890,11541373,11843850,12189045,12553080,12926008,13242672,13581039,13908999,14225370,14536507,14867863,15217082,15566046,15866557,16093383,16296018,16489087,16680977,16922098,17172432,17415402,17556428,17741678,17981700,18208556,18415930,18647862,18885398,19145834,19417412,19707832,20002264,20254192,20509570,20761662,20997920
DJI,Djibouti,rgdpna,Real GDP at constant 2021 national prices (in mil. 2021US$),,,,,,,,,,,,,,,,,,,,,1068.962890625,1135.47583007813,1173.66052246094,1232.24694824219,1188.89282226563,1323.02160644531,1437.64428710938,1267.12316894531,1169.31811523438,1230.86840820313,1288.97241210938,1326.34582519531,1348.755859375,1365.46997070313,1373.12683105469,1370.37219238281,1354.078125,1360.77783203125,1377.09509277344,1341.29064941406,1419.56469726563,1374.89562988281,1455.50341796875,1525.93701171875,1488.96325683594,1572.3681640625,1492.31970214844,1561.0224609375,1558.13098144531,1609.17358398438,1626.26684570313,1661.16064453125,1720.82849121094,1781.81286621094,1841.62512207031,1907.14123535156,2149.34838867188,2256.8154296875,2369.65649414063,2699.05810546875,3015.96997070313,3402.65307617188,3849.93481445313,4364.32470703125,4672.513671875,5032.1337890625,5366.91259765625,5656.576171875,5946.81689453125,6276.5712890625,6352.01708984375,6646.77685546875,6894.60693359375,7414.609375
DJI,Djibouti,rnna,Capital stock at constant 2021 national prices (in mil. 2021US$),,,,,,,,,,,,,,,,,,,,,678.482971191406,702.920288085938,727.327575683594,756.488647460938,781.116027832031,809.734252929688,858.744262695313,879.271057128906,894.665588378906,933.818298339844,982.931762695313,1033.45385742188,1172.20812988281,1315.78210449219,1455.31665039063,1566.87048339844,1617.75134277344,1689.15246582031,1773.67211914063,1836.39868164063,1910.63854980469,2042.60119628906,2183.68408203125,2344.75170898438,2479.40673828125,2583.9013671875,2669.14526367188,2793.62573242188,2932.15356445313,2916.96801757813,2934.8115234375,2990.6787109375,3144.55395507813,3485.92114257813,3755.61767578125,4214.76513671875,5193.486328125,6222.56640625,7109.45751953125,7847.67578125,8165.55615234375,8661.0009765625,9273.6689453125,10522.9169921875,11998.88671875,13726.6396484375,15377.6201171875,16924.888671875,18541.298828125,20153.673828125,21765.05078125,23400.328125,25041.83203125,26701.884765625
DMA,Dominica,rgdpna,Real GDP at constant 2021 national prices (in mil. 2021US$),,,,,,,,,,,,,,,,,,,,,271.610137939453,291.64697265625,313.910095214844,340.625823974609,362.888946533203,374.020538330078,399.998657226563,410.45556640625,453.692077636719,370.404418945313,419.967620849609,465.454132080078,484.663513183594,497.052093505859,517.911499023438,525.270568847656,562.427490234375,597.899047851563,644.638610839844,643.403259277344,678.265930175781,687.407409667969,701.357788085938,716.51708984375,716.76416015625,738.488220214844,761.412475585938,778.054138183594,807.419616699219,810.278442382813,829.240783691406,828.711303710938,805.275329589844,856.435668945313,882.562866210938,888.351318359375,929.74365234375,988.809997558594,1059.22375488281,1046.83508300781,1053.87646484375,1051.5205078125,1040.38500976563,1029.98168945313,1075.79467773438,1049.47338867188,1078.47717285156,1005.45153808594,1042.82019042969,1100.20129394531,923.54052734375,980.744995117188,1038.99072265625,1070.24450683594
DMA,Dominica,rnna,Capital stock at constant 2021 national prices (in mil. 2021US$),,,,,,,,,,,,,,,,,,,,,954.441467285156,1043.56884765625,1101.90161132813,1131.13647460938,1124.20568847656,1156.19396972656,1183.23217773438,1211.49377441406,1251.41540527344,1284.4833984375,1411.13940429688,1488.63427734375,1552.08642578125,1602.33068847656,1704.30505371094,1757.31811523438,1783.15124511719,1822.59350585938,1924.02502441406,2068.75610351563,2214.46020507813,2347.201171875,2388.3564453125,2421.61328125,2457.27197265625,2540.37084960938,2609.40502929688,2696.52783203125,2760.96313476563,2830.61328125,2905.93579101563,2930.0419921875,2912.75268554688,2952.89916992188,3022.05493164063,3122.24365234375,3217.95825195313,3332.08984375,3490.353515625,3611.90600585938,3717.55786132813,3795.58959960938,3853.53271484375,3893.548828125,3966.41479492188,4008.2314453125,4091.27197265625,4183.02001953125,4540.01416015625,4757.74365234375,4909.50390625,5246.40966796875,5622.3720703125,6005.33837890625
DNK,Denmark,rgdpna,Real GDP at constant 2021 national prices (in mil. 2021US$),63289.79296875,62228.32421875,63613.11328125,67563.21875,70955.1171875,70638.7109375,72060.40625,74725.5625,76473.125,82594.8046875,87545.78125,93270.4296875,98993.078125,100176.78125,108661.3203125,113070.8515625,117068.2421875,123776.40625,130700.96875,139140.265625,141304.1875,145794.59375,151331.28125,158473.34375,156945.234375,154732.46875,164006.203125,167262.421875,171305.171875,178248.65625,176909.265625,175598.375,182432.859375,187276.109375,195402.65625,203517.890625,213151.234375,214138.015625,214722.515625,216219.484375,219809.328125,223014.546875,227525.703125,227346.1875,239383.46875,246655.96875,253798.546875,261840.078125,267931.3125,275881.625,286155.46875,288874.0625,290192.84375,291472.875,299565.1875,306633.75,318336.375,321478.90625,320137.78125,304212.59375,309027.96875,313078.71875,313061.6875,317421.625,321478.28125,328243.5,338330.625,348671.59375,355156.9375,361235.0625,354804.6875,380996.59375,386864.59375,396517.625
DNK,Denmark,rnna,Capital stock at constant 2021 national prices (in mil. 2021US$),249153.03125,252424.796875,255796.171875,262392.25,269721.25,274553.8125,281464,290126.21875,296720.875,310083.21875,326669.90625,343702.34375,363157.53125,378379.46875,401231.03125,426018.78125,449362.46875,473512.28125,499421.84375,531069.3125,561704,591877.625,626006.375,662231.5,692905.125,717066.1875,748577.5,778292.125,807987.75,836566.8125,857977.25,869215.875,883462.625,898960.8125,918683.3125,943833.0625,976949.75,1009280.5,1035800.9375,1062266.875,1086174.5,1106384.5,1124261.375,1138365.125,1155446.625,1177517.875,1201826.375,1231657.75,1264165.625,1293452.375,1326453.125,1356950.375,1383305,1409557.5,1437368,1468936.625,1511146.875,1551624.625,1586665.75,1606213.875,1618737.5,1631969.625,1648097.125,1665221.125,1685668.875,1708011.25,1736334.75,1767293.5,1800689.875,1831540.5,1865610.875,1909466.125,1954784.75,1990346.5
DOM,Dominican Republic,rgdpna,Real GDP at constant 2021 national prices (in mil. 2021US$),,6690.27587890625,7157.47998046875,7189.57470703125,7743.30615234375,8015.734375,8790.759765625,9214.6884765625,9634.0556640625,10340.00390625,11537.583984375,11326.640625,13426.0322265625,14320.791015625,15246.873046875,13596.2744140625,15125.736328125,15486.15625,15482.8662109375,17005.974609375,19989.146484375,22162.318359375,24466.015625,27621.490234375,29279.291015625,30799.837890625,32872.08984375,34508.359375,35248.453125,36844.3515625,39781.8359375,41484.04296875,42189.14453125,44141.63671875,44694.68359375,43746.0234375,45286.7578125,49868.58203125,50943.734375,53185.53125,50525.24609375,50912.78125,56265.296875,60329.16796875,61718.6640625,65109.34375,69752.484375,75335.6640625,80617.1875,86030.875,90897.296875,92541.8828125,97898.3515625,97650.2734375,98931.4453125,108095.21875,119630.2265625,129768.484375,133933.40625,135200.625,146475.890625,151065.59375,155170.59375,162735.484375,174209.109375,186276.59375,198681.125,207952.984375,222473.375,233713.109375,218007,244760.796875,256652.09375,262710.6875
DOM,Dominican Republic,rnna,Capital stock at constant 2021 national prices (in mil. 2021US$),,31227.015625,33359.7578125,34506.72265625,35486.5078125,37037.71484375,38775.640625,40609.11328125,42530.01953125,43565.6328125,44162.20703125,44004.84375,45107.24609375,47104.96484375,49723.875,50016.62109375,51917.07421875,53920.18359375,55842.171875,58956.1875,62892.078125,68845.703125,75857.9140625,84152.3359375,93109.109375,102995.390625,111664.3125,121292.515625,130678.578125,141565.109375,152936.140625,162900.375,168152.859375,173685.65625,178112.953125,181841.90625,188963.703125,200344.46875,213840.171875,228275.515625,242697.375,246952.921875,248855.234375,254728.609375,265213.375,276554.75,291678.59375,312406.90625,344392.5,369007.1875,398342.09375,424802.1875,452109.5,469090.53125,485265.03125,506542.375,535258.375,569244.625,606204.875,633923.3125,668872.1875,702308.6875,735416.25,766449.5,802075.4375,848719.8125,902956.875,955286.125,1016236.9375,1082148.5,1133589.875,1202378.125,1272652.375,1342092.875
DZA,Algeria,rgdpna,Real GDP at constant 2021 national prices (in mil. 2021US$),,,,,,,,,,,84643.3984375,83252.59375,52013.453125,65541.265625,72395.6484375,79227.234375,74153.2109375,82866.5703125,91880.640625,99600.453125,109463.140625,99039.2734375,121076.890625,126308.828125,131068.296875,138704.96875,147289.0625,161152.5625,177548.28125,190825.015625,192333.6875,198103.703125,210782.34375,222164.578125,234605.8125,243286.234375,244259.359375,242549.5625,240124.046875,250689.515625,252695.046875,249662.6875,254156.609375,248819.3125,246579.953125,255949.984375,266443.90625,269374.8125,283112.9375,292172.53125,303275.09375,312373.375,329866.28125,353616.625,368822.1875,390582.65625,397222.59375,410728.15625,420585.625,427314.96875,442698.34375,455536.59375,471024.8125,484213.5625,502613.6875,521210.375,537889.0625,544881.625,551420.1875,581665.8125,576513.1875,622585.875,645138.5,671293.25
DZA,Algeria,rnna,Capital stock at constant 2021 national prices (in mil. 2021US$),,,,,,,,,,,279584.15625,291381.5,293013.21875,296558.21875,296793.125,297697.4375,295611.4375,298447.96875,304284.40625,313909.25,328473.4375,339993.125,353519.96875,369483.90625,391430.09375,420504.84375,452187.09375,492527.25,540478.1875,579894.0625,617574,655813.125,694753.5625,736297.125,779485.6875,823477.25,861902.125,887819.875,910729.5,936679,961178.25,976432,992773.6875,1007344.125,1022027.4375,1037938.8125,1054897.375,1071708.25,1090493.875,1110025.5,1131786.875,1156585.125,1185979.625,1217456.125,1252920.375,1291995.625,1334703.75,1385323.75,1446441.875,1515649.5,1588688.75,1662936.875,1740849.75,1828537.625,1923181.375,2024275.375,2127248.25,2231472.75,2337930,2442441.5,2541997.25,2659781.75,2775426.75,2906572.75
ECU,Ecuador,rgdpna,Real GDP at constant 2021 national prices (in mil. 2021US$),12823.142578125,13082.7109375,14596.5068359375,15103.1826171875,16535.994140625,17297.044921875,17874.841796875,18547.12109375,19054.31640625,19965.396484375,21071.673828125,22151.47265625,23241.13671875,23730.6796875,25488.466796875,26323.23828125,26966.4453125,28818.19921875,29979.50390625,30678.77734375,32659.79296875,33985.09375,37059.27734375,39971.2890625,44931.86328125,50646.0234375,53765.60546875,54785.32421875,57604.3515625,59969.0546875,61841.78515625,67888.6484375,69010.5234375,69497.734375,71531.3671875,74968.1953125,77552.15625,80482.796875,82890.8828125,85297.5234375,90858.4296875,94778.75,96356.546875,98817.5234375,102635.9375,104635.8984375,109811.6953125,112545.390625,116361.609375,111264.28125,116847.7109375,121762.640625,127763.2265625,131448.546875,140429.65625,148010.90625,154436.265625,157374.3125,167705.796875,169535.5,176366.3125,191324.78125,202389.5,216984.265625,226154.1875,226424.859375,224867.15625,238292.625,240781.09375,241179.375,218882.109375,240372.859375,255242.65625,261254.1875
ECU,Ecuador,rnna,Capital stock at constant 2021 national prices (in mil. 2021US$),114154.578125,119933.015625,124285.359375,131473.9375,141560.015625,152172.453125,162166.6875,171437.5,179748.765625,189076.5,199713.875,210395.5,219636.09375,229023.5625,239109.796875,249059.09375,259426.25,273190.125,287328.6875,299306.90625,312167.34375,331629.71875,347959.78125,362438.09375,379385.71875,408829.6875,437841.25,469371.875,504313.71875,533150.1875,561310,589776.6875,618657.3125,639372.75,658389.6875,681122.1875,704502.875,727434.25,743595,757315.25,768962.75,783936.9375,797760.25,811931.9375,826787.125,840871.5625,855305.375,857733.4375,860401.375,854237.625,855093.375,857254.5,867015.375,876904.5,886167.625,899538.8125,914583.1875,930672.6875,953534.25,973864.5625,999947.8125,1035351.0625,1078181.875,1135102.375,1190608.25,1236218.375,1265880.5,1305187.25,1342386.375,1376518.25,1391116.5,1414991.875,1444966.75,1474124.875
EGY,Egypt,rgdpna,Real GDP at constant 2021 national prices (in mil. 2021US$),56836.484375,58044.5703125,61966.19140625,64992.078125,63238.765625,63123.44921875,64253.6640625,67244.640625,73633.3828125,76719.4296875,82594.953125,86666.703125,88421.9140625,91310.7109375,107205.8984375,112601.3046875,112262.28125,111283.9375,117396.140625,126971.296875,150897.078125,156089.3125,162106.234375,163249.484375,167307.046875,175819.671875,199921.015625,215486.859375,232550.203125,256483.859375,282006.5,292598.90625,321587.1875,337310.6875,370183.53125,391622.6875,410202.8125,424495.5625,447363.03125,470232.90625,497390.125,503105.78125,524544.875,540268.375,561707.5625,587434,617447.8125,650320.75,677477.9375,717497.1875,757516.4375,783245.375,801825.5,827422.8125,861263.3125,899876.1875,961622.25,1029844.25,1103594.375,1155088.75,1214580.25,1235770.625,1263398.375,1290923.625,1328768.75,1386683.25,1446852.375,1507479.375,1587805.625,1675894.75,1735807.875,1792245.125,1911510.875,1983364.625
EGY,Egypt,rnna,Capital stock at constant 2021 national prices (in mil. 2021US$),52486.9140625,53933.19921875,55783.69921875,58186.76953125,60663.94140625,63209.14453125,64504.04296875,66020.6015625,67803.421875,70553.015625,73080.6796875,76630.75,81051.8046875,86999.9375,93490.6875,101304.09375,106449.6875,110040.78125,112890.4296875,118037.0625,123889.1875,127718.6171875,130540.0859375,136484.3125,148192.453125,162320.5,189769.078125,213921.40625,239983.578125,274071.09375,314943.875,356926.1875,403120.28125,449280.84375,507690.71875,567814.8125,624062.125,675102.8125,730720.1875,777017.125,823586.125,848232.5,867610.4375,883261.875,907107.375,941499.3125,979901.125,1030716.4375,1100985.75,1168339.5,1227996,1284927.375,1326982,1365606.375,1408146.25,1464887.75,1535896.25,1634637.125,1757192.25,1850340,1953124,2027839.25,2091820.5,2138536.5,2185379.5,2250247,2332186.5,2448521.25,2582630.5,2741249,2839437.75,2932152.5,3092952,3183219.25
ESP,Spain,rgdpna,Real GDP at constant 2021 national prices (in mil. 2021US$),161642.65625,188845.8125,197923.484375,191013.515625,217391.09375,230505.6875,248329.109375,259268.046875,270580.90625,263226.59375,293869.1875,331634.75,367128.21875,403985.75,425763.84375,456325.46875,491903.5625,511838.75,543811.8125,595383.25,618568.875,647329.0625,700084.75,754610.625,797010.5625,801332,827806.25,851304.1875,863758.8125,864117.625,883203.625,882033.75,893028,908835.5,925055.4375,946529.9375,977323.6875,1031536.9375,1084086.875,1136416,1179388.5,1209415.625,1220653.875,1208062.75,1236853.25,1270959.5,1304098.5,1350880.5,1408995.125,1471115.75,1547623.25,1608276,1652591.375,1701165.75,1754149,1816442.875,1889889.5,1956668.75,1971679.625,1897384.25,1899170,1887016.875,1832951.75,1806789.5,1834261.5,1908748.5,1964391.375,2021281,2069698.875,2110289.5,1879422.25,2005026.75,2128923.75,2185886.5
ESP,Spain,rnna,Capital stock at constant 2021 national prices (in mil. 2021US$),725069.875,758898.5,785795.75,814487.875,857941.25,907008.25,962620,1020694.4375,1085497.25,1121714.375,1168611.875,1243904.625,1344088.75,1453337,1568090.875,1706229.5,1862722.75,2011165.75,2169864.75,2362908.75,2543293.5,2706798.75,2902922.25,3129103.5,3364063,3568344.75,3759460,3939188.25,4103657.25,4247884,4390328.5,4522952,4653670.5,4776007.5,4879777.5,4997721,5140537.5,5313723,5522002,5762707.5,6015533,6261006,6475687.5,6643397.5,6813702,7008937,7206190.5,7416528,7662546.5,7940892.5,8241214,8547612,8863274,9206040,9563767,9952367,10374336,10807365,11188165,11427511,11629040,11779121,11883093,11963375,12061736,12182141,12303894,12455941,12638864,12842038,12976737,13126397,13295520,13468885
EST,Estonia,rgdpna,Real GDP at constant 2021 national prices (in mil. 2021US$),,,,,,,,,,,,,,,,,,,,,,,,,,,,,,,,,,,,,,,,,28617.201171875,26327.87109375,20754.615234375,19563.1953125,19173.537109375,19991.396484375,20979.57421875,23717.412109375,24746.70703125,24641.525390625,27127.27734375,28722.5625,30713.89453125,33047.01953125,35294.4453125,38655.5546875,42429.33203125,45641.625,43302.34375,36967.1171875,37872.71875,40753.6875,42250.16796875,42992.2890625,44420.8359375,45237.35546875,46636.5625,49264.375,51087.0078125,52990.83984375,51462.6875,55144.55859375,55177.88671875,53509.8359375
EST,Estonia,rnna,Capital stock at constant 2021 national prices (in mil. 2021US$),,,,,,,,,,,,,,,,,,,,,,,,,,,,,,,,,,,,,,,,,118717.2265625,120733.71875,119693.8828125,118984.2421875,118683.6328125,118633.3359375,119448.0859375,121443.25,124888.9375,127084.296875,130038.2421875,133764.609375,139214.234375,146072.703125,152942.0625,161353.1875,172559.828125,184605.890625,193252.609375,195213.296875,197032.078125,202566.046875,209426.734375,215988.34375,221729.5,226817.125,232457.125,239993.203125,248853.703125,258293.90625,270750.5,282763.1875,292573.03125,303823.28125
ETH,Ethiopia,rgdpna,Real GDP at constant 2021 national prices (in mil. 2021US$),11592.5244140625,13258.486328125,13713.576171875,15026.15234375,15367.8515625,16180.6357421875,16523.83203125,16569.076171875,18042.64453125,17655.81640625,19500.962890625,20319.294921875,21029.591796875,21826.13671875,22535.662109375,23929.421875,25074.88671875,26637.0546875,27981.646484375,28821.53515625,28183.509765625,29402.169921875,31035.099609375,31763.375,31616.755859375,30725.45703125,30964.166015625,30754,29468.806640625,31872.5234375,33736.01953125,35056.4453125,35623.48046875,37061.07421875,37401.21875,35695.62109375,37166.51171875,41055.2109375,43078.49609375,40959.39453125,46024.6953125,42702.6796875,38898.9921875,44097.10546875,45634.515625,48427.82421875,54981.40234375,56543.12109375,54255.7421875,57056.64453125,60521.61328125,65545.7734375,66538.515625,65100.5625,73936.484375,82674.6953125,91632.375,102129.6796875,113148.1015625,123107.84375,138558.53125,156786.390625,170344.984375,188371.3125,207705.234375,229277.953125,246615.421875,270202.1875,288619.65625,312760.65625,331711.75,350425.375,369074.1875,393413.21875
ETH,Ethiopia,rnna,Capital stock at constant 2021 national prices (in mil. 2021US$),14492.0302734375,14306.6328125,14212.400390625,14514.0859375,15115.4462890625,15815.8056640625,16350.3525390625,17032.943359375,18573.767578125,19278.6875,20687.646484375,22182.236328125,23794.08203125,25465.787109375,27026.197265625,28754.173828125,30721.3671875,33204.70703125,35698.3203125,37896.1640625,39430.37890625,41129.6796875,43187.76953125,44896.5546875,46189.32421875,47627.95703125,48495.34765625,49294.21875,49828.29296875,50838.671875,52362.796875,53992.1640625,56047.4296875,57948.24609375,60978.296875,62591.69140625,64597.6328125,67418.5,70922.2265625,73955.796875,75781.140625,76725.359375,76881.3984375,77838.671875,79813.5,80548.3984375,82888.2734375,84110.4453125,85886.1640625,87713.2890625,91019.125,95328.25,99205.7421875,102482.0390625,109177.1484375,115633.890625,123149.5625,130820.9375,139988.109375,154612.21875,172810,198810.59375,237887.671875,277662.40625,329241.96875,392001.78125,461277.84375,533577.4375,600153.875,664562.125,725443.75,779446.875,826429.0625,872357.0625
FIN,Finland,rgdpna,Real GDP at constant 2021 national prices (in mil. 2021US$),35580.78125,38559.09375,40515.0078125,40362.74609375,43652.73828125,47223.07421875,48609.39453125,48814.79296875,48766.125,52346.359375,56768.3359375,61085.625,62907.05078125,64973.484375,68656.71875,72022.2421875,74041.5625,75387.7734375,76733.984375,84138.140625,90869.1953125,93010.90625,100205.75,107203.953125,110673.640625,112671.1875,113059.2109375,113329.9921875,116638.90625,124945.84375,131679.234375,133377.078125,137494.046875,141761.65625,146335.640625,151516,155690.421875,161234.625,169668.984375,178294.828125,179528,168970.6875,163375.4375,162101.421875,168527.71875,175663.796875,182097.765625,193747.8125,204315.359375,213283.328125,225555.09375,231510.328125,235416.671875,240152.78125,249771.828125,256708.765625,267027.34375,281213.96875,283419.90625,260530.828125,268785.1875,275210.21875,271019.21875,268363.9375,267080.96875,268326.90625,275228.09375,284319.90625,287711.78125,291595.125,284331.40625,292107.03125,296342.75,292893.40625
FIN,Finland,rnna,Capital stock at constant 2021 national prices (in mil. 2021US$),129762.453125,140293.109375,152292.15625,160645.15625,172373.078125,185658.75,199118.453125,211469.4375,222485.75,235389.25,252323.890625,270774.6875,287432.3125,300949.1875,316107.875,336184.40625,355113.6875,371543,387559.375,406761.03125,433365.03125,460107.5625,488442.53125,519533.875,550746.4375,582760.625,609047.6875,632375.875,651068.6875,671178.0625,695833.6875,720748.6875,747789.125,775914.4375,802387.875,830539.5625,858301.125,887865.25,922352.375,962789.9375,998005.625,1018881.25,1030333.8125,1034015.6875,1038148.0625,1048454.1875,1063746.625,1084594.5,1111018.625,1138728.75,1169114.75,1199071,1225289,1252669,1282682.5,1313992.625,1345148.875,1383453.5,1420303.5,1444192.875,1471264.125,1499840.625,1527182.375,1550288.875,1571285.25,1592210.125,1620614.5,1652962.5,1688566.375,1722112.5,1753664.25,1786506.25,1821321.375,1846420.75
FJI,Fiji,rgdpna,Real GDP at constant 2021 national prices (in mil. 2021US$),,,,,,,,,,,1940.90380859375,2000.82116699219,2075.845703125,2212.22729492188,2322.09545898438,2257.9248046875,2260.36401367188,2568.150390625,2779.63745117188,2846.36743164063,3204.44189453125,3413.01513671875,3678.47143554688,4095.61767578125,4209.38525390625,4304.19091796875,4380.03564453125,4607.56982421875,4695.46923828125,5264.375,5170.58447265625,5506.79541015625,5383.04052734375,5228.8994140625,5661.10009765625,5438.74072265625,5805.13623046875,5430.66455078125,5526.11669921875,5900.517578125,6393.32177734375,6222.48291015625,6465.60009765625,6577.30224609375,6912.7451171875,7085.5634765625,7425.6708984375,7262.30615234375,7356.71630859375,8004.10693359375,7868.03759765625,8025.39794921875,8282.2109375,8365.0322265625,8808.37890625,8870.0390625,9034.3544921875,8953.0439453125,9042.5751953125,8915.9794921875,9183.458984375,9431.9853515625,9565.1005859375,10017.93359375,10579.3271484375,11055.5244140625,11325.904296875,11932.2216796875,12387.119140625,12315.2109375,10216.71484375,9718.033203125,11641.498046875,12517.4365234375
FJI,Fiji,rnna,Capital stock at constant 2021 national prices (in mil. 2021US$),,,,,,,,,,,1694.09777832031,2076.77587890625,2335.27294921875,2638.810546875,2998.27685546875,3337.5390625,3644.27416992188,3946.27612304688,4486.73193359375,4932.501953125,5334.89208984375,5878.11865234375,6479.34912109375,7139.314453125,7590.8076171875,8130.90478515625,8629.9765625,9095.1181640625,9493.10546875,9977.1943359375,10455.8544921875,11015.4609375,11322.0341796875,11416.287109375,11382.2705078125,11383.7890625,11317.4619140625,11079.1083984375,10774.00390625,10651.40625,10720.32421875,10872.5693359375,10875.37890625,11228.2587890625,11392.6494140625,11637.3916015625,12260.767578125,12966.28515625,14261.2822265625,15488.6962890625,15864.22265625,16372.8994140625,17255.607421875,18550.248046875,19941.619140625,20229.185546875,20516.90625,20416.48046875,21240.046875,21390.302734375,21657.443359375,22286.65625,22495.41796875,24400.451171875,25334.22265625,26442.48046875,27491.458984375,28617.021484375,29721.080078125,30620.41796875,30929.390625,31235.7734375,31791.244140625,32432.9765625
FRA,France,rgdpna,Real GDP at constant 2021 national prices (in mil. 2021US$),422853.84375,446345.71875,460802.28125,477065.90625,504171.875,531277.9375,558383.9375,589104.0625,605367.6875,621631.3125,672229.1875,706563.4375,753547.25,802338.0625,854743.0625,896305.625,943289.375,990273.125,1033642.8125,1107732.5,1176401.125,1239117,1295348.625,1380978.75,1445766.25,1429521,1492223,1545536.125,1605742.25,1665079.375,1692993,1713111.25,1754954.125,1777102.75,1805704.625,1834037.5,1877862.375,1925799.5,2018511.875,2107430.5,2167063.25,2193862.25,2227122.75,2219127.25,2272024,2324389.25,2356862.75,2416422.25,2499851.5,2584829.25,2691867,2742998,2772286.25,2799117.5,2879403,2933782.5,3013407.25,3089661,3101406.75,3013806.25,3074092,3149025.5,3154814.25,3179477.25,3211203.5,3245458.75,3273370.75,3341575.25,3396574.5,3465438.25,3207587.25,3428344.5,3516481.75,3549412.75
FRA,France,rnna,Capital stock at constant 2021 national prices (in mil. 2021US$),2590043.75,2654590,2716462.75,2778104,2861011.5,2958008.25,3071862.5,3203332,3349514.75,3484512.75,3661011.75,3839045,4036869,4246790.5,4489864.5,4730681.5,4995013,5269817,5553856,5876580,6208542.5,6557934,6918256.5,7300837,7679678.5,7999241,8313636.5,8604457,8897798,9194331,9495147,9774269,10034431,10262360,10473945,10687240,10913934,11161033,11449886,11774180,12110387,12422525,12703281,12925820,13150710,13373653,13589628,13797318,14039035,14319993,14634065,14944624,15226758,15512218,15814386,16130136,16471458,16846336,17210226,17468370,17735858,18011934,18274706,18522780,18757598,18986968,19230126,19494636,19778842,20087500,20318816,20642360,20959584,21260192
GAB,Gabon,rgdpna,Real GDP at constant 2021 national prices (in mil. 2021US$),,,,,,,,,,,4238.5546875,4703.9638671875,5151.548828125,5886.0966796875,6597.6357421875,7223.34521484375,7112.02294921875,8128.50927734375,8424.8857421875,9355.7734375,10274.9765625,11329.0615234375,12613.4384765625,13897.7890625,19385.625,23105.751953125,31337.24609375,27394.37109375,20806.244140625,20904.94921875,21438.63671875,22531.00390625,21833.10546875,23057.55859375,24788.923828125,24210.611328125,24016.056640625,19898.25,22454.255859375,24373.041015625,25638.544921875,27205.701171875,26365.0078125,26994.408203125,28473.134765625,29889.283203125,30972.849609375,32750.185546875,33718.8046875,30138.578125,29741.99609375,30441.962890625,29895.392578125,30640.76953125,30884.181640625,31222.1484375,30246.896484375,32162.203125,31051.173828125,31014.822265625,33213.22265625,35568.70703125,37436.90625,39547.9453125,41254.25390625,42854.76171875,43750.79296875,43957.5703125,44325.44140625,46063.80078125,45217.4609375,45881.0703125,47274.8046875,48431.30859375
GAB,Gabon,rnna,Capital stock at constant 2021 national prices (in mil. 2021US$),,,,,,,,,,,6217.06640625,7040.630859375,7838.87060546875,8418.6376953125,8883.673828125,9315.7041015625,10062.0673828125,10445.48828125,10845.58984375,11310.67578125,11857.95703125,12528.5888671875,13393.33984375,14424.9814453125,18192.888671875,22830.15625,29598.896484375,34386.765625,35236.72265625,36551.59375,37729.9609375,39869.46484375,41640.87109375,43533.76171875,45153.6875,47119.09375,48410.98046875,47869.625,48877.0625,48622.8671875,48402.6796875,48599.25,48484.8828125,48509.31640625,48444.3203125,48530.2578125,48838.125,50063.53515625,51642.8203125,51678.39453125,51484.77734375,51549.79296875,52051.53125,52124.24609375,52095.8359375,52124.9765625,52329.3046875,52781.640625,53506.66015625,54270.109375,56032.828125,58558.3125,61598.87109375,64326.359375,67756.171875,70139.1484375,72358.3515625,73986.78125,79139.390625,85904.8671875,90481.359375,95827.078125,101692.3984375,108021.5234375
GBR,United Kingdom,rgdpna,Real GDP at constant 2021 national prices (in mil. 2021US$),686435.5,715732.6875,721338,754612.3125,777041.4375,799642.375,807651.125,817677.5,820312.375,846164.375,881476.125,900465.1875,916314.25,951754.3125,1005186.1875,1028562.625,1048599.5,1071975.875,1148784.125,1138765.75,1162142.125,1202871.875,1254856,1336721,1303511.5,1284302.25,1321678.75,1354162.375,1411094.875,1463997.125,1434257.875,1422959.625,1451346.25,1512619.875,1546942.875,1611100.875,1661856.125,1751475.625,1851877.625,1899611.625,1913550.125,1892441.25,1900031.375,1947339.125,2022234,2073430.125,2126966,2231711.75,2307649.25,2378224.5,2481478.25,2545321.5,2591026.75,2672705,2738397.5,2813228.5,2880202.75,2955804.5,2948451,2812216.25,2875021.75,2907749.75,2951627.75,3004754.75,3100745.75,3169671.75,3230583.5,3316404.25,3363006,3417637.5,3065726,3328641,3489716.75,3501581
GBR,United Kingdom,rnna,Capital stock at constant 2021 national prices (in mil. 2021US$),1797670.375,1919560.375,1995394.125,2087532.875,2182580.75,2297091,2407442.5,2520910.75,2618055,2729996.5,2877786.5,3025962.75,3152963,3285990.25,3493107.5,3689947.25,3874917,4078845.25,4305568.5,4517504,4720249.5,4921658,5111616,5322740.5,5513565.5,5685834,5860263.5,6018187,6181156.5,6347123,6480099.5,6566249,6679065,6813286,6989829,7178885.5,7369143.5,7603450,7918820,8257477,8544590,8755164,8969934,9184640,9443957,9714158,10011703,10239422,10495672,10746363,11021753,11300335,11571851,11844275,12123316,12419481,12722053,13040559,13313922,13481118,13673292,13855407,14043483,14248650,14497129,14790073,15111976,15446485,15760226,16078276,16290162,16572071,16889570,17199100
GEO,Georgia,rgdpna,Real GDP at constant 2021 national prices (in mil. 2021US$),,,,,,,,,,,,,,,,,,,,,,,,,,,,,,,,,,,,,,,,,67440.0546875,53052.83984375,29442.9375,20818.90234375,18657.6640625,19138.576171875,21298.572265625,23538.966796875,24269.841796875,24966.201171875,25425.16796875,26646.9609375,28105.572265625,31213.515625,33022.64453125,36188.953125,39598.22265625,44579.19140625,45657.16015625,43990.6328125,46739.7890625,50455.2109375,53774.6796875,56535.23046875,58847.86328125,60819.7421875,62917.9765625,66165.234375,70176.296875,73951.9765625,69299.46875,76675.71875,85079.0234375,91437.8125
GEO,Georgia,rnna,Capital stock at constant 2021 national prices (in mil. 2021US$),,,,,,,,,,,,,,,,,,,,,,,,,,,,,,,,,,,,,,,,,333953.90625,336800.125,331575.34375,318977.5625,310557.21875,305633.28125,301706.46875,298764.625,298990.5,299754.78125,300383.3125,302284.0625,303592.625,307310.28125,311984.28125,317837.8125,322943.65625,329445.875,332604.46875,330608.28125,332551.53125,336560.28125,341471.1875,344239.03125,350962.15625,360259.8125,370547.65625,380655.78125,390625.1875,399934.28125,405156.15625,409189.75,415085.84375,426190.5
GHA,Ghana,rgdpna,Real GDP at constant 2021 national prices (in mil. 2021US$),,,,,,15822.0244140625,19295.6875,17685.6328125,19609.939453125,20642.236328125,22197.94921875,22987.416015625,24101.958984375,24937.865234375,25471.916015625,25820.208984375,25843.4296875,26307.822265625,26679.3359375,28243.814453125,30155.08984375,31843.53515625,31044.818359375,32766.21875,35011.52734375,30659.025390625,29576.705078125,30249.3125,32813.22265625,31988.5703125,32135.974609375,31013.02734375,28866.376953125,27548.4375,29930.70703125,31451.181640625,33090.62109375,34677.28515625,36628.984375,38491.88671875,39773.20703125,41873.96484375,43498.42578125,45608.1015625,47099.125,48994.11328125,51245.9609375,53397.390625,55903.7265625,58379.43359375,60834.60546875,63595.921875,66644.484375,70126.0859375,73879.9375,78457.359375,82028.640625,85594.375,93425.7578125,97951.8984375,105689.8671875,120536.078125,131737.609375,142317.09375,146382.015625,149486.4375,154529.296875,167090.828125,177450.59375,188998.6875,189970.015625,199613.78125,207234.046875,213336.640625
GHA,Ghana,rnna,Capital stock at constant 2021 national prices (in mil. 2021US$),,,,,,75599.421875,82023.8984375,85792.046875,89784.40625,96843.09375,105236.8046875,110266.8671875,114254.375,120274.1875,128296.859375,135075.09375,139989.84375,140406.609375,139783.890625,140981.796875,145302.640625,150747.171875,148218.453125,148930.59375,154401.15625,157161.375,157080.484375,161742.640625,162878.1875,162777.421875,161984.5625,160635.609375,157682.609375,155281.09375,154292.859375,155357.828125,156071.265625,156595.421875,158721.65625,162809.1875,167180.828125,173700.625,175797.109375,178224.203125,183350.578125,187308.984375,194676.859375,201695.75,207583.046875,207739.515625,224503.375,239098.375,241136.484375,250666.53125,266076.5625,281410.3125,301550.3125,326238.34375,354017.65625,368628.21875,374856,388210.34375,415797.96875,428144.375,442458.15625,455915.1875,473029.21875,489680.53125,511304.25,527907.875,544850.3125,564574.375,583518.375,595565.125
GIN,Guinea,rgdpna,Real GDP at constant 2021 national prices (in mil. 2021US$),,,,,,,,,,5942.02197265625,6826.451171875,7385.74951171875,7483.0419921875,7559.79296875,7002.47509765625,7318.8662109375,7502.65283203125,7345.37841796875,7391.71875,7238.93603515625,6595.984375,6949.91259765625,7110.8154296875,7222.2626953125,7601.44677734375,7820.134765625,8439.7529296875,8156.7626953125,8711.1171875,8605.8984375,8829.771484375,8883.6103515625,9043.515625,9161.08203125,9289.3388671875,9753.798828125,10057.5361328125,10389.427734375,11044.8056640625,11486.9814453125,11983.6865234375,12282.8642578125,12684.8203125,13325.2138671875,13858.310546875,14506.8857421875,15254.9873046875,16045.3876953125,16781.0859375,17537.994140625,18043.94140625,18711.56640625,19684.5703125,19920.78515625,20378.9609375,20990.330078125,20924.08203125,22350.57421875,23274.328125,23013.041015625,24120.7421875,25474.42578125,26981.30859375,28045.90625,29082.63671875,30195.314453125,33462.63671875,36909.28515625,39256.16015625,41461.171875,43411.72265625,45835.22265625,47655.80078125,50372.03125
GIN,Guinea,rnna,Capital stock at constant 2021 national prices (in mil. 2021US$),,,,,,,,,,2596.69311523438,2738.59692382813,2950.42553710938,3249.44458007813,3391.07104492188,3562.99853515625,3781.88720703125,4048.7041015625,4243.35400390625,4424.93603515625,4581.275390625,4753.166015625,4938.52783203125,5126.240234375,5313.56103515625,5514.62744140625,5719.2578125,5951.10107421875,6160.36376953125,6393.9248046875,6608.78759765625,6825.0390625,7049.966796875,7275.84228515625,7500.80517578125,7691.41796875,7901.43896484375,8218.865234375,8595.8203125,9031.0380859375,9476.099609375,10204.0234375,10745.369140625,11234.798828125,11747.6494140625,12231.935546875,12743.333984375,13236.255859375,13778.0556640625,14243.9638671875,14768.95703125,15344.2587890625,15806.962890625,16622.10546875,17588.826171875,18870.75,20604.30859375,22451.904296875,25078.16796875,27588.630859375,29596.66015625,31665.63671875,34769.89453125,38237.921875,41531.3671875,44838.703125,48508.34765625,60385.5078125,65048.09765625,68180.96875,71020.0390625,73479.078125,75756.6015625,77866.1484375,78647.7265625
GMB,Gambia,rgdpna,Real GDP at constant 2021 national prices (in mil. 2021US$),,,,,,,,,,,1064.37377929688,1002.83343505859,1021.28869628906,1033.37377929688,1150.06298828125,1267.68994140625,1283.14624023438,1283.14624023438,1336.0107421875,1378.86706542969,1425.67407226563,1424.73486328125,1428.17858886719,1560.28979492188,1652.01611328125,1752.73254394531,1729.37194824219,1756.32580566406,1844.18627929688,1784.99499511719,1789.31201171875,2112.13989257813,2260.6015625,2181.25732421875,2242.9677734375,2319.03662109375,2368.72216796875,2441.4609375,2565.70288085938,2657.65258789063,2753.13549804688,2832.40454101563,2931.89404296875,3020.20532226563,3024.86694335938,3051.54174804688,3181.1865234375,3194.54052734375,3311.28833007813,3537.97778320313,3755.0205078125,3972.2197265625,3990.3798828125,4082.28369140625,4458.2373046875,4353.39111328125,4329.20458984375,4460.953125,4740.02587890625,5055.9833984375,5354.7080078125,4919.34619140625,5177.197265625,5325.92626953125,5250.97509765625,5464.06103515625,5570.24853515625,5838.873046875,6261.30908203125,6650.8935546875,6690.23779296875,7041.86767578125,7428.6796875,7785.07080078125
GMB,Gambia,rnna,Capital stock at constant 2021 national prices (in mil. 2021US$),,,,,,,,,,,952.572875976563,968.628479003906,1001.24755859375,1021.10101318359,1057.12805175781,1116.19445800781,1183.30432128906,1249.15405273438,1335.13793945313,1435.69921875,1530.60144042969,1644.95971679688,1662.166015625,1696.03051757813,1708.76782226563,1752.03491210938,1878.38537597656,2028.82897949219,2144.21850585938,2262.228515625,2390.68579101563,2464.86303710938,2517.85693359375,2598.47778320313,2658.40478515625,2704.78002929688,2760.40649414063,2931.45776367188,3230.55322265625,3526.1171875,3802.21264648438,4131.43212890625,4565.5927734375,4913.74658203125,5178.05712890625,5483.12451171875,5824.84521484375,6049.2333984375,6305.35107421875,6566.60107421875,6829.109375,7347.43408203125,8487.22265625,9474.1875,9738.7236328125,9919.0322265625,10107.544921875,10286.0068359375,10429.744140625,10578.2470703125,10678.7392578125,10798.6279296875,10942.5673828125,11093.82421875,11243.734375,11581.3759765625,12161.7421875,12669.564453125,13149.6904296875,13898.2099609375,15172.3603515625,16132.6279296875,17052.22265625,18016.138671875
GNB,Guinea-Bissau,rgdpna,Real GDP at constant 2021 national prices (in mil. 2021US$),,,,,,,,,,,1580.80224609375,1633.11474609375,1574.67358398438,1822.14611816406,1786.37646484375,1795.79699707031,1485.09448242188,1643.83020019531,1682.42492675781,1740.29943847656,1336.29370117188,1284.03173828125,1365.88684082031,1381.046875,1444.01208496094,1557.30334472656,1634.28784179688,1517.10827636719,1716.24450683594,1750.46899414063,1471.22265625,1463.90319824219,1525.38720703125,1473.52392578125,1554.56787109375,1621.41418457031,1605.20007324219,1695.75805664063,1812.76586914063,1894.33630371094,1956.83837890625,2015.54736328125,2077.935546875,2125.2294921875,2188.19482421875,2276.06689453125,2361.34228515625,2502.87646484375,2079.65649414063,2354.75903320313,2350.30078125,2397.69458007813,2367.017578125,2376.52612304688,2442.14501953125,2546.337890625,2605.14086914063,2690.14501953125,2776.330078125,2869.86157226563,3002.18530273438,3244.91284179688,3189.33129882813,3293.17822265625,3324.94189453125,3528.89428710938,3749.90991210938,3971.8671875,4121.26904296875,4306.72607421875,4371.3271484375,4642.349609375,4855.89794921875,5108.404296875
GNB,Guinea-Bissau,rnna,Capital stock at constant 2021 national prices (in mil. 2021US$),,,,,,,,,,,495.392578125,629.930786132813,768.030700683594,892.274108886719,1018.37878417969,1121.72473144531,1221.97314453125,1337.41149902344,1448.3291015625,1582.70031738281,1831.09130859375,2048.87646484375,2227.79321289063,2388.10864257813,2513.45727539063,2635.091796875,2773.7119140625,2935.06518554688,3145.98413085938,3344.72924804688,3562.34985351563,3672.1953125,3804.88916015625,3898.90844726563,4065.6923828125,4182.8017578125,4273.365234375,4395.244140625,4588.17724609375,4759.8408203125,4925.22705078125,5090.04638671875,5340.67822265625,5487.06396484375,5621.560546875,5714.15185546875,5787.22705078125,5921.76611328125,5892.3046875,5869.1669921875,5909.2216796875,5937.54150390625,5996.17041015625,6083.669921875,6115.9677734375,6135.4541015625,6173.4873046875,6239.51513671875,6278.1484375,6315.10595703125,6369.02392578125,6410.65087890625,6483.24658203125,6522.7158203125,6563.189453125,6612.80419921875,6651.16064453125,6764.349609375,6893.27392578125,6963.400390625,7078.14111328125,7217.20556640625,7311.4560546875,7431.10205078125
GNQ,Equatorial Guinea,rgdpna,Real GDP at constant 2021 national prices (in mil. 2021US$),,,,,,,,,,,838.850463867188,850.854125976563,850.15771484375,885.909851074219,921.690124511719,895.0107421875,924.074645996094,970.048583984375,992.550903320313,1017.48779296875,1016.26116943359,1059.81066894531,1083.1875,1162.52453613281,1197.8154296875,1276.61071777344,1280.31127929688,1373.99926757813,1305.22241210938,1240.05615234375,1300.07788085938,1375.08483886719,1405.35961914063,1475.68933105469,1490.61413574219,1682.98071289063,1643.7578125,1716.68701171875,1762.26953125,1740.60803222656,1784.75903320313,1790.51257324219,2028.60827636719,2220.96411132813,2429.28662109375,2713.59814453125,3652.55029296875,7132.0478515625,8393.1943359375,10340.5283203125,11694.1201171875,19624.806640625,23582.716796875,26788.1484375,33231.02734375,36188.58984375,38106.61328125,43930.09765625,51749.24609375,52444.44921875,47764.203125,50880.27734375,55109.890625,52832.08203125,53051.3671875,48218.37890625,43967.234375,41475.421875,38888.73828125,36756.953125,34995.8984375,35296.953125,36608.59375,34524.984375
GNQ,Equatorial Guinea,rnna,Capital stock at constant 2021 national prices (in mil. 2021US$),,,,,,,,,,,,,,,,,,,,,,815.0078125,880.311767578125,948.190124511719,1016.04248046875,1087.94128417969,1157.96911621094,1236.6884765625,1321.90466308594,1389.619140625,1462.52526855469,1537.10302734375,1632.75866699219,1685.78112792969,1732.94860839844,1798.2919921875,1875.36791992188,1964.74560546875,2054.9404296875,2127.00634765625,2242.66650390625,2324.27807617188,2388.80712890625,2453.27783203125,2640.97436523438,3357.97192382813,5222.9560546875,7650.45703125,10540.552734375,13842.2197265625,17839.6640625,24417.14453125,26683.1484375,33191.23046875,39154.2734375,45967.91015625,53210.75,62685.390625,75772.2734375,94071.2890625,107063.1640625,121057.65625,141586.5625,148698.375,153863.9375,152409.375,146862.3125,141435.875,136235.515625,130876.953125,124785.015625,119601.7421875,115226.8125,111501.9609375
GRC,Greece,rgdpna,Real GDP at constant 2021 national prices (in mil. 2021US$),,42763.0546875,42113.609375,45792.4140625,47826.59375,50382.34375,54811.4921875,58733.51171875,61435.1484375,63716.73046875,65197.890625,73806.515625,74075.765625,82849.9453125,90645.8671875,100406.6171875,106927.5234375,112989.765625,121129.234375,135136.234375,147204.671875,158747.265625,174876.234375,189027.875,176857.796875,188118,201007.65625,206919.28125,221914.4375,229197.875,230749.8125,227164.609375,224591.65625,222169.140625,226636.046875,232323.578125,233526.234375,228251.203125,238038.296875,247083.75,247083.765625,254743.34375,256526.546875,252422.125,257470.578125,262876.75,266510.9375,276113,285602.84375,293196.40625,305328.375,319527.375,334491.3125,353881.1875,372912.4375,377325.84375,401638.46875,415723.40625,415962.34375,398827.6875,376119.5,338970.96875,310730.875,303670.6875,306076.46875,305377.65625,305280.59375,309777.75,316173.625,323373.5,293635.3125,319047.96875,337372.9375,345240.9375
GRC,Greece,rnna,Capital stock at constant 2021 national prices (in mil. 2021US$),,437614.59375,428483.125,423456.03125,416281.15625,412114.3125,411298.09375,412510.21875,416417.3125,422306.84375,430879.3125,448004.5,462486.1875,486250.21875,514476.875,550154.1875,584218.75,617983.1875,656735.75,708423.5,763838.9375,826381.6875,907867.75,992846.25,1037387.625,1088949.625,1144736.75,1210073.875,1286386.75,1366201.625,1426536.75,1476103.125,1521443.5,1571038.75,1604992.125,1644955.625,1684188.875,1718432,1754202.625,1793794.375,1835501,1878940.25,1917754.5,1951374,1980843.25,2012148.875,2049221,2086684,2137035,2190839.75,2246170,2302393.25,2351553.25,2410655,2475508,2521244.5,2586612.75,2663892.75,2724519.5,2762789.75,2772012.75,2756941,2731229,2703674,2677781.25,2653729.75,2632788.75,2617706.25,2600724,2583970,2568725.75,2566738.25,2575210.25,2586717.5
GRD,Grenada,rgdpna,Real GDP at constant 2021 national prices (in mil. 2021US$),,,,,,,,,,,,,,,,,,,,,266.163970947266,284.795440673828,306.088531494141,332.704956054688,353.998046875,364.644592285156,397.556915283203,420.234375,442.988861083984,469.620880126953,467.527862548828,471.512603759766,494.736724853516,509.213226318359,533.577697753906,576.698608398438,624.273803710938,693.879089355469,717.666748046875,761.243774414063,800.822692871094,819.216796875,816.788513183594,795.22802734375,817.123840332031,834.524291992188,871.562377929688,915.275695800781,1022.85260009766,1093.41259765625,1146.86047363281,1123.65209960938,1162.23547363281,1272.26525878906,1264.03125,1431.77209472656,1374.64392089844,1458.80590820313,1472.65051269531,1374.64392089844,1368.21545410156,1378.68200683594,1362.75622558594,1394.80041503906,1497.21936035156,1593.70581054688,1653.30480957031,1726.6875,1801.99682617188,1814.18762207031,1564.63854980469,1637.98742675781,1757.86828613281,1820.55627441406
GRD,Grenada,rnna,Capital stock at constant 2021 national prices (in mil. 2021US$),,,,,,,,,,,,,,,,,,,,,682.95068359375,704.074401855469,727.5166015625,757.908569335938,788.264404296875,812.96533203125,859.302795410156,892.510192871094,909.8349609375,1023.64416503906,1121.73156738281,1305.57556152344,1510.16442871094,1694.19909667969,1797.88623046875,1919.96008300781,2067.54565429688,2243.5458984375,2426.46459960938,2610.79907226563,2834.81005859375,3045.15161132813,3163.91088867188,3284.2626953125,3451.037109375,3583.4384765625,3776.53857421875,3985.07080078125,4229.857421875,4543.57958984375,4783.69677734375,4901.28173828125,4996.55517578125,5240.43017578125,5484.32958984375,5998.94970703125,6284.08935546875,6601.5087890625,6839.654296875,6917.3779296875,6969.46142578125,6995.56787109375,6965.23583984375,7017.7490234375,7057.38623046875,7158.427734375,7270.99658203125,7480.0380859375,7742.2744140625,8013.24658203125,8339.5576171875,8628.837890625,8932.4345703125,9600.470703125
GTM,Guatemala,rgdpna,Real GDP at constant 2021 national prices (in mil. 2021US$),14356.1162109375,14558.84765625,14860.9560546875,15407.533203125,15691.7529296875,16081.3134765625,17544.154296875,18533.958984375,19398.544921875,20356.546875,20853.435546875,21749.822265625,22519.00390625,24667.55078125,25810.396484375,26935.3515625,28420.0546875,29586.75,32182.494140625,33706.94921875,35630.90625,37620.44921875,40379.17578125,43118.0234375,45866.8125,46761.21484375,50215.5859375,54137.03125,56842.09765625,59519.33203125,61751.359375,62162.78125,59956.59765625,58426.171875,58702.44921875,58356.61328125,58438.1015625,60509.13671875,62864.38671875,65342.8671875,67370.1796875,69834.7421875,73213.5859375,76089.578125,79158.3671875,83079.8125,85524.5078125,89201.484375,93454.84375,97328.59375,100840.6171875,103191.890625,107181.9375,109894.4765625,113358.4453125,117054.09375,123351.140625,131127.515625,135429.921875,136142.546875,140048.984375,145877.75,150210.359375,155764.25,162686.375,169343.78125,173878.46875,179233.671875,185339.9375,192786.703125,189344.390625,204554.9375,213146.578125,220663.78125
GTM,Guatemala,rnna,Capital stock at constant 2021 national prices (in mil. 2021US$),41787.94140625,44163.234375,45560.4140625,47257.90625,48844.54296875,52287.75390625,57883.7265625,63700.4453125,68125.2265625,71755.5625,74801.46875,77096.953125,79435.59375,83443.828125,88690.6640625,93888.8671875,97761.5625,103098.375,110801.9296875,115218.1328125,121299.8515625,127984.84375,134278.28125,141680.234375,148523.625,156263.25,169195.96875,183318.734375,198487.375,211811.296875,222455.890625,234447.765625,243796.8125,247546.5625,250180.796875,252099.3125,254290.875,258899.8125,265354.5625,272751.8125,278032.46875,283714.4375,294761.53125,306824.3125,317410.1875,329606.15625,340624.875,357360.6875,379145.09375,402408.6875,420346.9375,437673.96875,457806.75,476254.15625,493587.09375,511665.125,535415.3125,560321.625,581454.1875,596046.4375,609676.1875,625592.8125,642215.4375,658631.6875,676249.875,692583.6875,707692.1875,724097.25,742007.6875,763462.3125,782002.5,809323.3125,837805.5,869173.0625
GUY,Guyana,rgdpna,Real GDP at constant 2021 national prices (in mil. 2021US$),,,,,,,,,,,,,,,,,,,,,2498.26684570313,2568.69970703125,2517.857421875,2561.23657226563,2740.3505859375,3025.81323242188,3114.4375,3032.25756835938,2977.4892578125,2922.83129882813,2973.51025390625,3017.99926757813,2619.9208984375,2441.96557617188,2319.16552734375,2374.81787109375,2353.43017578125,2374.5966796875,2286.89013671875,2173.81689453125,2107.7744140625,2233.91650390625,2408.86474609375,2606.72485351563,2828.90405273438,2969.96215820313,3204.09838867188,3403.61547851563,3345.462890625,3444.81909179688,3397.39306640625,3769.21826171875,4132.7021484375,4439.03369140625,4975.1416015625,5292.5458984375,6037.14892578125,6471.296875,6584.87939453125,6822.6923828125,7105.0458984375,7474.2451171875,7868.609375,8156.07958984375,8293.630859375,8350.642578125,8668.5888671875,8992.31640625,9391.6572265625,9894.380859375,14196.41015625,17044.201171875,27839.115234375,37030.58203125
HKG,"China, Hong Kong SAR",rgdpna,Real GDP at constant 2021 national prices (in mil. 2021US$),,,,,,,,,,,15847.9765625,16754.193359375,19126.63671875,22218.505859375,24070.046875,27567.404296875,27978.859375,28390.3125,29418.947265625,32710.578125,35796.48046875,38407.1328125,42482.83984375,47699.5390625,48851.57421875,49091.86328125,57027.234375,63714.0546875,68977.3984375,76948.828125,84726.921875,92573.296875,95304.09375,101000.453125,111074.03125,111915.0390625,124288.546875,140941.375,152937.5625,156419.84375,162411.59375,171672.28125,182375.921875,193685.25,205376.03125,210251.03125,219204.484375,230383.453125,216830.8125,222266.078125,239299.1875,240641.359375,244628.078125,252104.609375,274037.75,294284.0625,314979.90625,335342.90625,342478.71875,334056.71875,356664.6875,373837.03125,380193.34375,391985.0625,402813.34375,412431.625,421403.78125,437400.71875,449853.1875,442329.875,413380.4375,440061.6875,423851.75,437739.34375
HKG,"China, Hong Kong SAR",rnna,Capital stock at constant 2021 national prices (in mil. 2021US$),,,,,,,,,,,88773.7734375,95633.71875,105826.8125,120490.0390625,136692.546875,154698.734375,168994.15625,179174.703125,187354.90625,195801.09375,206031.921875,219790.6875,234673.90625,251401.5,266984.5,282499.4375,301239.40625,327349.84375,356784.875,390481.9375,430987.8125,474427.9375,517492.5625,554130.625,590968.25,626071.625,664179.6875,709831.8125,757999.8125,805182.6875,855860,911907.125,973020.4375,1032993.3125,1103642,1178451.5,1260569.625,1353957.625,1430491.75,1482464,1541274.5,1599800,1648773.875,1696780.75,1746940.375,1798888.375,1855088.75,1908693.125,1958640.75,2000543.125,2050523.5,2107923.5,2168133.75,2217819.5,2263822.25,2304144.25,2343239,2385236,2428556.5,2453306.25,2466079.5,2487502,2501630.5,2526558
HND,Honduras,rgdpna,Real GDP at constant 2021 national prices (in mil. 2021US$),5457.38671875,5605.1845703125,5390.890625,5749.314453125,5021.71435546875,5137.77197265625,6110.84326171875,6186.9609375,6626.173828125,7069.56640625,6894.806640625,7021.78515625,7304.4541015625,7265.96630859375,7595.58447265625,8509.87890625,8890.4072265625,9253.6591796875,9913.9755859375,9971.1083984375,10151.380859375,10556.9296875,11165.2509765625,12043.9384765625,11896.083984375,12149.55078125,13425.3388671875,14819.4111328125,16302.1962890625,17062.599609375,17176.66015625,17611.779296875,17366.76171875,17206.23046875,17953.9609375,18705.9140625,18841.099609375,19977.478515625,20898.412109375,21802.4453125,21823.56640625,22533.275390625,23800.615234375,25283.400390625,24953.892578125,25971.98828125,26901.37109375,28244.748046875,29064.294921875,28515.115234375,30154.21484375,30975.369140625,32138.291015625,33599.6328125,35693.66015625,37853.45703125,40339.29296875,42835.5859375,44648.328125,43562.5390625,45187.9765625,46921.1015625,48858.3671875,50222.24609375,51758.3125,53745.609375,55838.08984375,58542.10546875,60793.1953125,62349.25,56759.58984375,63891.59375,66538.9765625,68922.8046875
HND,Honduras,rnna,Capital stock at constant 2021 national prices (in mil. 2021US$),11638.724609375,12536.537109375,13689.958984375,14763.2939453125,15392.0791015625,16152.7705078125,16955.921875,17869.048828125,18491.4296875,19064.07421875,19766.9921875,20298.279296875,21240.67578125,22396.103515625,23486.255859375,24691.06640625,26120.216796875,28207.177734375,30139.76171875,31977.73046875,33865.7265625,35342.6953125,36543.328125,38400.34375,40630.14453125,43076.90234375,45477.4921875,48525.13671875,52561.0703125,56136.07421875,59767.96875,61680.96484375,62935.83203125,64342.70703125,66461.4140625,68359.984375,69229.9609375,70380.1875,72461.6015625,75599.8125,78281.34375,80803.828125,84918.625,91687.03125,97906.421875,102051.3046875,106462.6796875,112047.84375,118341.3671875,124927.53125,129954.6171875,134273.6875,137459,141326.859375,147873.046875,153728.078125,161254.046875,172366.453125,184315.09375,187849.1875,191782.71875,198305.0625,205362.234375,211943.359375,218554.890625,227368.109375,234614.015625,243930.703125,254666.25,264401.34375,268000.34375,278521.75,289240,302499.5
HRV,Croatia,rgdpna,Real GDP at constant 2021 national prices (in mil. 2021US$),,,,,,,,,,,,,,,,,,,,,,,,,,,,,,,,,,,,,,,,,100960.5703125,79669.3359375,70337.5,64692.3828125,68490.234375,73984.90625,78504.6328125,83346.7890625,85223.5,84500.203125,86988.9453125,89695.3828125,94900.6953125,100185.125,104363.3359375,108879.203125,114411.8671875,120188.3984375,122554.4140625,114203.609375,112680.046875,112569.890625,110032.859375,109894.8125,109282.546875,111821.3671875,115691.6484375,119487.4375,122958.171875,126770.421875,116233.71875,130916,140457.078125,145095.734375
HRV,Croatia,rnna,Capital stock at constant 2021 national prices (in mil. 2021US$),,,,,,,,,,,,,,,,,,,,,,,,,,,,,,,,,,,,,,,,,391910.84375,388909,385102.15625,381831.34375,379066.8125,379405.6875,385049.25,396284.5625,407943.25,419414.53125,430080.25,441404.6875,454879.625,474433.9375,494290.40625,514808,537948.875,561996.9375,588833.6875,605898.8125,615953.8125,624332.8125,630737.75,637057.3125,642180,650078.1875,659296.6875,668390.5,678664.5625,693609.6875,704732.8125,717594.4375,734614.3125,755580.0625
HTI,Haiti,rgdpna,Real GDP at constant 2021 national prices (in mil. 2021US$),,,,,,,,,,,9080.9599609375,8814.9052734375,9513.6650390625,9329.47265625,9177.44140625,9256.3818359375,9320.7021484375,9121.8916015625,9411.3359375,9770.94921875,9835.2705078125,10472.6328125,10574.9619140625,11077.8359375,11718.1220703125,11849.6884765625,12849.5869140625,12910.9853515625,13539.5771484375,14562.8662109375,15638.7822265625,15191.4580078125,14644.728515625,14782.142578125,14825.998046875,14913.7080078125,14837.6923828125,14726.591796875,15849.1884765625,16054.3564453125,16924.076171875,17989.94921875,17772.81640625,17536.064453125,16110.8837890625,18471.880859375,20070.919921875,21507.2265625,22928.98828125,24571.146484375,25859.044921875,25772.611328125,26010.876953125,26884.68359375,26553.142578125,27513.73046875,27993.728515625,29553.013671875,30285.423828125,32197.3125,31299.1015625,32894.796875,33060.0390625,34489.84375,35486.17578125,35982.98046875,36635.1640625,37554.80078125,38181.1484375,37523.25,36297.81640625,35630.4609375,35031.1640625,34378.16796875
HTI,Haiti,rnna,Capital stock at constant 2021 national prices (in mil. 2021US$),,,,,,,,,,,59866.58203125,59944.79296875,60356.66796875,60899.515625,61326.41015625,61849.11328125,62213.828125,62662.65234375,63360.39453125,64497.0625,66962.7421875,69528.9453125,72804.4140625,77166.7421875,82850.375,88881.0625,95904,103591.2578125,111631.2890625,121483.703125,131387.5625,141255.4375,150194.421875,159613.8125,169458.515625,180579.984375,190426.234375,200289.296875,208636.8125,215558.953125,222924.828125,230185.21875,236834,240554.421875,241660.0625,247543.71875,253942.8125,260507.421875,266230.0625,273517.28125,282067.46875,289292.5625,295580.9375,302618.21875,309898.5,317215.1875,326974.6875,336188.96875,347261.21875,356309.09375,369933.65625,379666.28125,386812,395055.96875,404000.34375,411295.75,419049.75,428025,436151.53125,445967.125,452145.46875,454898.65625,456819.9375,457425.65625
HUN,Hungary,rgdpna,Real GDP at constant 2021 national prices (in mil. 2021US$),,,,,,,,,,,,,,,,,,,,,109977.90625,116796.5390625,123921.1328125,132471.6875,140287.515625,148985.34375,154151.640625,164544.53125,172097.875,174723.03125,174831.046875,179843,184952.5,186289.640625,191241.328125,190757.359375,193685.375,201532.015625,201400.484375,202883.65625,195789.5,172506.140625,167220.234375,166256.859375,171156.703125,173706.125,173881.984375,179059.984375,185950.40625,191688.9375,200141.21875,208271,218122.34375,226713.71875,237965.796875,248199,257963,258820.359375,261391.5625,243773.34375,246376.71875,251099.046875,247735.59375,252770.015625,263725.96875,273377.84375,280044.5625,291594.09375,307941.28125,323576,309536.9375,331579.5,345707.8125,342436.625
HUN,Hungary,rnna,Capital stock at constant 2021 national prices (in mil. 2021US$),,,,,,,,,,,,,,,,,,,,,379567.4375,415555.9375,449064.40625,482719.90625,520655.6875,563309,603606.125,649761.75,697037.75,742640,781889.6875,816657.3125,849191.25,878478.1875,904578.75,928210.625,955806.75,989373.4375,1015195.5625,1044952.625,1068501.5,1084458.625,1098420.625,1112895.25,1133847.375,1150830.875,1169669.625,1192265.25,1221108.875,1253025.5,1286887.25,1319655.875,1355739.125,1389814.375,1428379.375,1467699.375,1505122.375,1543456.5,1579301.75,1604015.375,1618891.25,1631858.5,1641791.5,1658912.25,1685353.625,1714534.375,1730363.875,1761735.875,1807027.625,1863526.625,1906472.125,1954814.875,2002590.5,2038164.125
IDN,Indonesia,rgdpna,Real GDP at constant 2021 national prices (in mil. 2021US$),,,,,,,,,,,160433.390625,173601.421875,173337.75,166637.78125,174386.140625,176437.734375,181361.578125,183823.5,196543.4375,197774.390625,212545.90625,227434.796875,248845.25,276982.375,298146.75,312994.5625,334528.09375,363854.6875,392401.9375,416929.625,458109.875,494450.28125,505524.59375,549884.875,588237.9375,602724.8125,638137.9375,669569.875,708270,772613.6875,842165.1875,917353.4375,983590.875,1054937.125,1134478.875,1227734.75,1323719.25,1385929.375,1204005,1213528.125,1273236.625,1319626.5,1379002.875,1444924.25,1517616.625,1604008,1692243.75,1799617,1907840.5,1996152.125,2120389.75,2251213,2386962.5,2519612.25,2645760.75,2774776.5,2914433,3062188.75,3220635.25,3382288.25,3312426.5,3435082,3617396.25,3800006
IDN,Indonesia,rnna,Capital stock at constant 2021 national prices (in mil. 2021US$),,,,,,,,,,,771420.5625,774562.8125,774014.3125,766275.875,762159,758812.6875,759216.5,753465.9375,757667,766889.0625,788185.75,818646.625,858449.875,907633,969703.5625,1042078.6875,1115756.5,1204339.75,1308663.25,1412444.375,1542785.75,1687958.75,1854940,2023005.625,2165986,2323669,2502332.5,2690013.5,2905315.25,3161721.75,3468213.25,3815312.5,4158185.75,4513880.5,4928716.5,5416217,5995026,6609006,6897369.5,7086858,7344821,7624305.5,7930396,8240323,8650677,9129283,9611875,10157826,10793712,11435899,12143708,12925749,13792297,14693808,15629329,16610853,17630780,18720014,19892844,21105286,22164118,23252202,24372696,25539414
IND,India,rgdpna,Real GDP at constant 2021 national prices (in mil. 2021US$),378834.875,385963.0625,405568.03125,428989.96875,445109.34375,454993.59375,467411.8125,467712,500861.40625,510776.4375,550308.5,570042.25,589049.75,627746.6875,674404.875,659948.6875,657407.6875,709589.9375,745728.375,829251.25,842089.4375,855924.3125,851188.5,879239.5625,889661.5,971064.75,987214.5625,1058834.75,1119321,1060688.875,1132135,1200133.25,1241846.75,1332363.625,1383269.75,1455950.875,1525495.25,1585986.5,1738682,1842087.375,1944018.375,1964563.5,2072268.625,2170717.25,2315263.75,2490633.25,2678664.25,2787145.25,2959514,3221305.25,3345035.5,3506398.75,3639781.5,3925881.75,4236927,4572637,4941225,5319763.5,5483968.5,5915112,6417753.5,6754128,7122659.5,7577520.5,8139031.5,8789849,9515566,10162185,10818037,11236851,10587617,11613513,12424955,13437952
IND,India,rnna,Capital stock at constant 2021 national prices (in mil. 2021US$),705088.625,742463.5,764626.9375,795213.0625,846501.25,907086.625,978503.5,1037637.25,1094858.125,1150740.375,1247237.5,1336963.875,1438811.625,1550231.125,1675430.25,1799872.75,1921111.875,2034956.5,2132817.25,2243955,2365080.75,2504127.5,2647090,2775896,2908757,3030343.25,3174382.25,3348880.5,3529908,3701129.5,3872878.75,4035655,4210381,4401597.5,4586533.5,4777716.5,4996830.5,5249267,5499843.5,5777311,6123094.5,6399589.5,6720976.5,7015786,7330381.5,7709722,8101936,8536615,9024902,9661587,10228714,10983740,11682192,12430126,13302242,14346022,15568328,17030950,18454900,20006560,21780698,23764864,25757396,27559992,29398556,31346660,33422982,35689216,38221824,40625756,42633508,45347308,48223956,51474244
IRL,Ireland,rgdpna,Real GDP at constant 2021 national prices (in mil. 2021US$),30132.5390625,31162.076171875,30625.576171875,31755.60546875,31998.482421875,33476.70703125,32329.845703125,31406.7734375,31309.478515625,33093.82421875,34378.4921875,36090.94140625,37478.26171875,39345.26953125,41066.04296875,42048.40625,42143.62109375,44311.69140625,48342.640625,51775.453125,52701.59765625,54530.28125,58069.19140625,60810.88671875,63401.57421875,66987.9765625,67922.328125,73499.640625,78781.859375,81202.8515625,83703.359375,86486.6796875,88461.5703125,88245.4609375,92087.984375,94929.46875,94522.859375,98930.5390625,104092.1640625,110143.9921875,119469.3671875,121774.703125,125845.9609375,129234.5078125,136673.015625,149840.671875,160898.34375,178632.1875,194291.296875,214749.953125,234944,247409.734375,262005.328125,269901.75,288223.0625,304766.4375,319967.71875,336958.40625,321848.9375,305448.21875,310588.84375,315709.75,314450.1875,321343.46875,351344.21875,437829.59375,443182.6875,487720.90625,524516.1875,550954.6875,590391.5,686363.25,745524.375,704296.8125
IRL,Ireland,rnna,Capital stock at constant 2021 national prices (in mil. 2021US$),73230.7890625,79854.3125,84295.296875,89360.703125,93551.3046875,99163.5859375,102196.4453125,103685.0625,104966.078125,109306.140625,112845.21875,117568.0078125,123386.71875,130131.0078125,137873.59375,146589.3125,153574.6875,160845.578125,170473.34375,183502.1875,195317.90625,208352.84375,222435.0625,239796.703125,252461.859375,263508.65625,277563.71875,291898.84375,311201.125,334055.625,353326.25,375085.6875,393892.3125,407801,420171.78125,429179.375,437002.1875,444547.375,453780.75,466192.4375,482846.71875,495945.15625,508960,519808.40625,534641.9375,555448.9375,582769.5,616820.4375,657068.1875,703877.75,751377.1875,800726.1875,851690.1875,906755.125,968077.3125,1042503.625,1120839.375,1195122,1252539.625,1288869.125,1308897,1326852.25,1355768.875,1377326.375,1413394.875,1501347.75,1638648.5,1763300.875,1852224.875,2129149.75,2303409.5,2331310,2367368.75,2408566.75
IRN,Iran (Islamic Republic of),rgdpna,Real GDP at constant 2021 national prices (in mil. 2021US$),,,,,,138082.609375,155804.171875,186966.328125,211987.375,237770.359375,260659.171875,282864.75,301654.0625,320101.75,345040.3125,392867.6875,437278.78125,485106.21875,546598.5,618339.5625,375786.5,427275.15625,489225.875,525632.5625,556124.75,554310.5625,655530.0625,637348.4375,555507.4375,488731.21875,383167,361338.8125,445065.46875,494408.625,459108.59375,467683.125,421920.75,421194.625,395577.59375,419834.84375,476911.09375,537555.8125,555284.3125,547116,537824.4375,550737.875,595630.75,607777.25,619475.125,639113.625,665233.25,678601.1875,732868.125,794470.375,821144.1875,856491.125,909029.4375,993789.125,1007045.25,1028178.9375,1099543.875,1140827.5,1098078.75,1081366.25,1135269.875,1119093.625,1217742.75,1251334.25,1228334.625,1190617.375,1230268.5,1288334.375,1336990,1404439.625
IRN,Iran (Islamic Republic of),rnna,Capital stock at constant 2021 national prices (in mil. 2021US$),,,,,,244247.421875,258661.71875,277895.375,303592.53125,329426.09375,354501.5,382410.96875,414856.625,450134.15625,502592.8125,566694.0625,642564.9375,722278.4375,830599.6875,930796.75,1004334.1875,1096156.75,1207741.125,1335713.125,1493233.5,1720725.125,2050630.25,2304691.5,2525676.25,2633171,2741834,2825554.5,2928990.75,3116828.25,3264138,3361974.75,3443341,3508100.25,3526449.75,3569736.5,3624595,3769052.25,3893127.75,3977182.5,4033170.5,4073472.75,4167051,4276677.5,4386131,4504495,4641978,4847580.5,5056834,5274946.5,5505155,5742573,5964947,6251038.5,6595617,6943617,7308168.5,7698976,7908230.5,8050433.5,8223580.5,8321029.5,8413783,8509893,8542645,8558189,8594319,8634985,8703916,8804709
IRQ,Iraq,rgdpna,Real GDP at constant 2021 national prices (in mil. 2021US$),,,,,,,,,,,,,,,,,,,,,85481.75,91414.40625,88000.6015625,104656.328125,113088.3203125,129337.2421875,156035.828125,158912.671875,187889.3125,232854.53125,233808.046875,191775,189708.484375,173986.78125,174295.9375,174266.640625,188445.796875,224962.765625,231829.40625,211265.21875,211301.046875,71588.96875,89940.2265625,133626.046875,127455.46875,104117.546875,155800.078125,189893.875,256085.375,301111,305346.03125,312385.25,290830.09375,194561.4375,299933.8125,304958.40625,322152.84375,328236.84375,355244.53125,367249.28125,390762.59375,420250.84375,478820.875,515344.75,516360.75,540748.25,615303.75,604106.8125,620018.3125,660094.875,575459.5625,584104.0625,628728.5,610493.625
IRQ,Iraq,rnna,Capital stock at constant 2021 national prices (in mil. 2021US$),,,,,,,,,,,,,,,,,,,,,114003.4140625,121372.640625,128811.7265625,141233.421875,155169.53125,180618.75,208476,232873.90625,269024.1875,306952.84375,341045.90625,421767.03125,494236.5625,515933.75,523095.03125,529042.4375,537775.0625,546848.3125,561425.75,588341.4375,609852.875,593557.3125,584457.5625,584435.8125,569983,554040.4375,536934.375,525771,519365.59375,513364,512021.8125,527194.625,533987.6875,556206.5,566165.75,625383.25,692361.75,695112.3125,751321.4375,777096.8125,845226.9375,919885.3125,994343.9375,1112314.25,1232679,1382154.25,1445454.375,1506160.75,1566198.25,1691710.25,1672363.875,1684056.625,1702527.875,1706152.5
ISL,Iceland,rgdpna,Real GDP at constant 2021 national prices (in mil. 2021US$),1532.32141113281,1510.57165527344,1480.80944824219,1700.88806152344,1862.96435546875,2065.1494140625,2126.46044921875,2129.8984375,2324.55541992188,2390.79711914063,2453.44677734375,2451.36743164063,2655.16040039063,2928.20336914063,3218.5615234375,3453.18627929688,3754.87182617188,3707.26953125,3504.32543945313,3587.51245117188,3855.1025390625,4358.611328125,4627.857421875,4942.82958984375,5224.8818359375,5258.642578125,5572.0244140625,6063.60400390625,6428.43359375,6740.89306640625,7128.3544921875,7432.37939453125,7592.51416015625,7429.1875,7735.947265625,7990.6796875,8491.7392578125,9217.4375,9209.16796875,9232.966796875,9340.935546875,9320.0556640625,9005.607421875,9123.890625,9453.1591796875,9464.1796875,9896.4208984375,10467.603515625,11238.3115234375,11691.76953125,12274.609375,12767.2509765625,12838.685546875,13113.7783203125,14136.9677734375,15002.779296875,15950.5029296875,17299.095703125,17681.318359375,16326.255859375,15863.76953125,16156.580078125,16328.4267578125,17071.7734375,17359.80859375,18130.005859375,19272.86328125,20081.353515625,21063.166015625,21455.1875,19966.099609375,21015.16015625,22904.951171875,24058.71484375
ISL,Iceland,rnna,Capital stock at constant 2021 national prices (in mil. 2021US$),11491.2138671875,11870.4423828125,12305.416015625,12872.0224609375,13523.234375,14595.8837890625,15472.69921875,16384.998046875,17489.326171875,18636.8671875,19678.126953125,20640.625,21413.12109375,22679.24609375,24433.65234375,26326.08984375,28327.31640625,30537.515625,32135.791015625,33300.984375,34432.1171875,36479.98046875,38430.69921875,41020.61328125,43769.75390625,46023.671875,48107.96484375,50562.3671875,52711.05859375,54727.62890625,57192.45703125,59594.56640625,61916.55859375,63642.28515625,65677.328125,67688.09375,69556.6953125,72102.859375,74538.9453125,76531.3359375,78594.71875,80684.3203125,82222.9609375,83355.9609375,84486.6796875,85555.265625,87467.125,89656.1796875,92492.0625,94903.7578125,97722.6171875,100124.9921875,101646.3984375,103575.140625,106776.8203125,111662.1328125,118151.2734375,123216.7578125,126389.0078125,125445.578125,123987.390625,123207.1875,122789.5546875,122540.078125,123015.53125,124478.453125,126805.2734375,129586.03125,132386,134809.859375,136679.515625,139516.640625,143494.546875,147463.96875
ISR,Israel,rgdpna,Real GDP at constant 2021 national prices (in mil. 2021US$),6825.14013671875,8881.009765625,9272.083984375,9137.705078125,10910.4619140625,12399.53125,13505.5654296875,14699.462890625,15776.2099609375,17787.859375,18962.400390625,21028.828125,23128.771484375,25566.056640625,28102.93359375,27746.623046875,30356.84765625,30660.677734375,31367.298828125,36189.390625,40792.18359375,45259.36328125,50756.81640625,53592.8359375,57063.59375,58914.0625,59104.06640625,59715.96875,63033.23828125,66946.2265625,68064.5234375,71699.125,73192.2578125,75650.859375,76356.84375,79439.3203125,82767.9453125,88677.3359375,91257.859375,91782.375,98496.421875,106106.375,114339.453125,119046.5234375,127889.1171875,139799.390625,148060.796875,153542.21875,159739.296875,165069.125,179280.5625,179775.859375,179614.578125,182238.1875,190763.171875,198829.9375,209979.625,222715.59375,229862.046875,232707.65625,245586.359375,259139.390625,265482.1875,276426.40625,286885.625,293437.09375,306486.875,319777.3125,332777.1875,345390.15625,340299.0625,372511.9375,396212.5,404273.03125
ISR,Israel,rnna,Capital stock at constant 2021 national prices (in mil. 2021US$),41970.6796875,45649.9296875,48477.5546875,50453.94140625,52817.85546875,56087.34765625,58933.5078125,62496.8671875,66312.5390625,70521.1328125,74868.7734375,80320.6953125,86449.1640625,92617.046875,100505.5703125,107902.6171875,115040.375,119948.0625,122781.90625,129108.5625,138093.484375,149758.5625,162991.703125,176617.796875,188738.5625,201254.453125,210660.9375,218336.828125,226948.375,237158.875,244272.921875,250900.90625,259572.234375,269813.875,278164.90625,284049.3125,290888.71875,298769.96875,306275.75,313135.84375,324876.34375,346126.0625,368575.03125,392193.90625,417602.6875,452536.03125,490743.03125,527085.8125,560473.9375,592974.3125,625103.25,653957.1875,679026.6875,700239.125,720573.8125,742672.375,766933.5,795071.6875,823306.8125,848101.25,876265.9375,910169.3125,946639.5625,982233.6875,1017091.75,1050911.375,1092544.625,1134966.125,1182616.5,1231660.125,1275232.375,1331354.625,1397313.625,1457966
ITA,Italy,rgdpna,Real GDP at constant 2021 national prices (in mil. 2021US$),396437.28125,431099.125,449655.15625,477373.78125,496921.3125,523501.9375,545057,565770.0625,592311.1875,630935.4375,682835.9375,739581.25,784977.625,828482.3125,851180.4375,879553.1875,932515.5625,998718.5,1064921.5,1129232.75,1271096.25,1294206.125,1341968.625,1437595.5,1516665.25,1484964.5,1590774,1631505.625,1684368.625,1784743,1845960,1861544,1869243.25,1891098.375,1952102.375,2006723.875,2064115.75,2130001.5,2219341.75,2294541.5,2340106,2376107.25,2395930.5,2375498,2426595.25,2496647.5,2530241.75,2578967,2625501.5,2669557,2773192,2828834,2836470.25,2838358,2880195.75,2902154.75,2954378.5,2997580,2966910.75,2809511.5,2852472,2872309.75,2782543.25,2731956,2731918,2756113.75,2790185.5,2834931.5,2858366.5,2870633.5,2616059.5,2849701.25,2982547.75,3003354.75
ITA,Italy,rnna,Capital stock at constant 2021 national prices (in mil. 2021US$),1627707.5,1696151.875,1761609.875,1843348.625,1932837.625,2047128.375,2165501,2292545.25,2421028,2564967,2740727.75,2941411,3153826.75,3375674.25,3560408.25,3717459.75,3886358,4090878.5,4307383.5,4560455.5,4955094.5,5340196.5,5726575,6134865.5,6542676,6889417,7223812.5,7560345.5,7889368,8243231.5,8626153,8972646,9276887,9560125,9861980,10160453,10466298,10787720,11140500,11510960,11894321,12266690,12614226,12856146,13098709,13385084,13675655,13970152,14281841,14613234,14986403,15359993,15749380,16112080,16478216,16845774,17223592,17600664,17925170,18134734,18345828,18537780,18640962,18689928,18728318,18784350,18867664,18969476,19090278,19215658,19275626,19507172,19798390,20148316
JAM,Jamaica,rgdpna,Real GDP at constant 2021 national prices (in mil. 2021US$),,,,6729.6728515625,7484.6728515625,8222.787109375,9080.359375,10240.6962890625,10502.7119140625,10843.8095703125,11487.8125,12012.8701171875,12277.3671875,13137.236328125,13928.5283203125,14496.44140625,14722.0126953125,14838.197265625,15105.3046875,15694.3603515625,17829.90625,18367.6875,20048.81640625,20304.599609375,19515.5546875,19455.900390625,18199.572265625,17766.638671875,17863.34765625,17534.353515625,16530.1953125,16953.189453125,17161.0703125,17553.333984375,17403.298828125,16595.26953125,16874.5546875,18177.4453125,18701.908203125,19980.87109375,21071.453125,21255.642578125,23451.548828125,23912.927734375,24126.228515625,24374.552734375,24451.01953125,24210.3515625,23913.423828125,24149.873046875,24316.84375,24628.298828125,24794.509765625,25703.55859375,26043.828125,26276.607421875,27038.37109375,27428.859375,27206.224609375,26024.005859375,25644.81640625,26088.5546875,25928.47265625,26062.708984375,26242.50390625,26484.3046875,26848.541015625,27116.234375,27628.712890625,27875.26171875,25109.9375,26265.3515625,27636.802734375,28244.826171875
JAM,Jamaica,rnna,Capital stock at constant 2021 national prices (in mil. 2021US$),,,,61287.328125,61619.671875,62211.6640625,63224.5390625,65122.58203125,66837.8671875,68169.9453125,69804.921875,71108.875,72152.0703125,73126.078125,74729.9453125,76637.0078125,78846.4296875,81413.484375,85074.578125,89130.640625,93297.0546875,96649.09375,99867.640625,103113.890625,105010.7578125,107388.2421875,107885.9765625,107234.3515625,106982.5859375,106716.9140625,105807.6484375,105415.578125,105526.9765625,105615.734375,105341.8515625,105056.1484375,104506.2734375,104763.171875,105671.1015625,107301.296875,108980.859375,110265.4609375,112926.4921875,115569.1796875,117927.5703125,120486.3359375,123015.6796875,125327.5859375,126627.03125,127614.625,129173.3671875,131389.640625,133852.34375,136140.4375,138518.640625,141005.640625,144025.375,146457.1875,148212.046875,148711.953125,149175.03125,150200.765625,150969.6875,152133.53125,153507.59375,154583.21875,155684.6875,157064.703125,158793,160614.875,161318.484375,162469.921875,163874.65625,165106.609375
JOR,Jordan,rgdpna,Real GDP at constant 2021 national prices (in mil. 2021US$),,,,,4233.89794921875,3536.27026367188,4955.94482421875,5098.509765625,5762.1005859375,6804.4296875,7210.76123046875,8478.146484375,8669.029296875,9234.1884765625,10606.2216796875,11814.26953125,12152.1201171875,13641.3466796875,13571.51953125,14699.17578125,12840.0078125,12959.0185546875,13699.5341796875,12793.724609375,12793.7265625,12687.9375,14479.71875,15681.306640625,17983.251953125,21724.294921875,24154.123046875,28303.4921875,30292.080078125,29619.673828125,30890.859375,30054.658203125,31709.0546875,32445.744140625,32920.16015625,29388.08203125,29307,29778.41015625,34051.546875,35577.140625,37351.28125,39661.953125,40488.171875,41829.77734375,43089.734375,44550.31640625,46441.7734375,48889.21484375,51716.8671875,53869.16796875,58484.25,63248.72265625,68367.421875,73957.2265625,79297.265625,83280.921875,85208.6171875,87540.8828125,89667.765625,92008.1015625,95121.546875,97496.2890625,99440.6015625,101900.3046875,103855.8671875,105674.84375,104509.3828125,108329.875,110960.1953125,113862.34375
JOR,Jordan,rnna,Capital stock at constant 2021 national prices (in mil. 2021US$),,,,,13676.494140625,14222.7392578125,14977.0908203125,15763.0771484375,16433.119140625,17546.94921875,19285.408203125,21150.65234375,23229.982421875,25124.12890625,27739.154296875,30599.609375,33210.54296875,35550.1328125,39469.7109375,46284.30859375,49467.984375,53279.71484375,57631.04296875,62821.7734375,69160.46875,75726.5,84981.2265625,102353.2265625,117130.4921875,132787.75,150744.890625,182535.140625,206228.53125,220655.328125,237261.203125,248009.203125,259981.21875,283731.65625,296140.65625,298257.5625,299273.34375,299321.125,305295.125,313517.8125,321429.15625,328640.0625,334541,338662.59375,340614.53125,344235.03125,346603.25,348430.90625,350943.78125,356077.53125,366958.3125,386003.125,401543.96875,419749.25,446888.875,476632.90625,507760.875,536008.0625,554788.1875,573774.3125,595139.25,617571.3125,637118.1875,653646.1875,667936.375,684315.375,697223.25,712435.1875,728216.1875,745824.3125
JPN,Japan,rgdpna,Real GDP at constant 2021 national prices (in mil. 2021US$),298069.40625,324736.5,364884.53125,389346.0625,408716.5625,437435.6875,470216.1875,506968.21875,538460.8125,589157.8125,666101.9375,745055.9375,809106,880205.1875,978661.9375,1034181.625,1140168.875,1266544.375,1417376.25,1586797.5,1749957.375,1832187.75,1986339.75,2145894.5,2119602.25,2185131.25,2271989.75,2371737.75,2496774.5,2633698.75,2707905.75,2823279.25,2915875.5,3021727.75,3155012.5,3317805.25,3427094.75,3586416,3825329.5,4013757.75,4208061,4356325.5,4395558,4375373,4422775,4539138,4681389,4727324,4667271.5,4651686,4780288.5,4798745.5,4800759,4874457,4981018,5070871,5140460.5,5216743.5,5152876,4859510.5,5058649,5059853.5,5129414,5232263.5,5247762,5329660,5369836.5,5459799,5494927.5,5472828,5245863.5,5380121.5,5431488,5522683.5
JPN,Japan,rnna,Capital stock at constant 2021 national prices (in mil. 2021US$),914236.875,962466.3125,998158.3125,1030681.9375,1071135.25,1122651.75,1186485.125,1269719.5,1349985.125,1450255.75,1594797.875,1780165,1975239.875,2191594.25,2445867.25,2701312.25,2993805.25,3355750.75,3800411.75,4324171,4946291.5,5565740,6228237.5,6950573,7544953,8109966.5,8684773,9251136,9869457,10512650,11087465,11661513,12206848,12716322,13244571,13826276,14438253,15114087,15918733,16801428,17753778,18690502,19540490,20300046,21011250,21740976,22544372,23267166,23885494,24457658,25005568,25493442,25875438,26226804,26562598,26921680,27265270,27554710,27765272,27817134,27857126,27924010,28024686,28176042,28352516,28550418,28752612,28970244,29188046,29401234,29553106,29706136,29845872,29998940
KAZ,Kazakhstan,rgdpna,Real GDP at constant 2021 national prices (in mil. 2021US$),,,,,,,,,,,,,,,,,,,,,,,,,,,,,,,,,,,,,,,,,269463.4375,239943.765625,227181.046875,206194.859375,180277.453125,165416.046875,166184.96875,169068.078125,165876.046875,170331.875,187102.1875,212448.921875,233162.9375,254916.28125,279353.21875,306447.96875,339256.0625,369414.28125,381550.75,386168.4375,414176.875,451042.09375,472546.25,500678.03125,521751.40625,527771.875,533540.5,569967.875,593343.4375,620301.625,604782.125,630699.375,651011.6875,679003.1875
KAZ,Kazakhstan,rnna,Capital stock at constant 2021 national prices (in mil. 2021US$),,,,,,,,,,,,,,,,,,,,,,,,,,,,,,,,,,,,,,,,,1135263.25,1191971.5,1231247.25,1246252.75,1254895.75,1244405,1226237,1209731.375,1192658.75,1176412.625,1164573.375,1160674.625,1159522.5,1161003.375,1171470.75,1194228.625,1233615.125,1284025.25,1330470.625,1371995.125,1412740,1458735.25,1512427.625,1568133,1624598.125,1682147.125,1739030.375,1798112.875,1859920,1938910.875,2010398.75,2079950.625,2150608.5,2256118.75
KEN,Kenya,rgdpna,Real GDP at constant 2021 national prices (in mil. 2021US$),18133.03125,21294.525390625,20071.443359375,19187.978515625,20783.294921875,22011.27734375,23148.55078125,24194.66796875,24272.814453125,23490.833984375,25433.267578125,24524.33203125,26548.1171875,27695.8671875,29346.58203125,30771.921875,34433.49609375,35892.60546875,35883.98828125,38170.98828125,36150.546875,38500.67578125,40436.07421875,42540.01171875,44625.48828125,44459.3828125,46249.57421875,50494.33984375,55034.40625,57101.421875,60294.23046875,62564.26171875,64871.203125,65757.0703125,66919.765625,69780.375,74781.828125,79211.1484375,84120.328125,88069.8125,91779.3671875,93071.2578125,92333.0390625,92665.2421875,95101.3671875,99290.7734375,103406.359375,103685.890625,107165.25,109420.703125,109965.21875,114877.546875,115534.3828125,118890.9609375,124958.6875,132346.609375,140718.65625,150358.984375,150708.515625,162477.9375,175571.15625,184562.375,192787.515625,200138.921875,210233.15625,220755.609375,230136.421875,238917.296875,252366.1875,265377.3125,264653.46875,284741.9375,298580.34375,315169.125
KEN,Kenya,rnna,Capital stock at constant 2021 national prices (in mil. 2021US$),33722.3515625,35674.09375,37603.99609375,39594.82421875,41955.703125,44890.06640625,47742.83203125,50306.81640625,52033.15625,53608.8984375,55298.98046875,55560.4453125,55707.40234375,56393.7109375,56671.609375,57194.203125,59038.77734375,61094.9921875,64729.33984375,68390.5546875,74071.390625,81011.4375,87325.8359375,93267.3515625,98034.7265625,102905.359375,107555.703125,113763.609375,121412.296875,127662.2734375,133832.671875,140426.640625,144337.765625,147007.703125,149407.703125,152254.625,156127.96875,160358.859375,165148.015625,169848.890625,174952.84375,179385.390625,183107.078125,186208.140625,190671.109375,196678.125,202626.671875,208696.390625,215520.046875,221818.296875,229073.984375,238061.71875,245282.65625,250849.609375,257453.109375,268260.6875,281449.15625,293583.9375,307553.125,323699.9375,344391.34375,364519.6875,388316.6875,411850.375,443286.875,473164.375,499061.5625,528467.4375,555863.4375,585632.6875,616052.375,652297.1875,686803.4375,721478.3125
KGZ,Kyrgyzstan,rgdpna,Real GDP at constant 2021 national prices (in mil. 2021US$),,,,,,,,,,,,,,,,,,,,,,,,,,,,,,,,,,,,,,,,,30210.615234375,27810.705078125,23962.3046875,20257.892578125,16189.0625,15310.9970703125,16395.705078125,18021.380859375,18403.763671875,19076.568359375,20114.970703125,21186.51953125,21182.849609375,22672.06640625,24265.18359375,24222.59375,24974.1953125,27107.70703125,29385.1953125,30233.337890625,30090.765625,31883.0546875,31854.953125,35332.1015625,36753.87890625,38599.58984375,40717.5234375,43118.00390625,45231.90625,47834.828125,44415.12890625,46861.0703125,51063.34375,54204.44921875
KGZ,Kyrgyzstan,rnna,Capital stock at constant 2021 national prices (in mil. 2021US$),,,,,,,,,,,,,,,,,,,,,,,,,,,,,,,,,,,,,,,,,104416.9140625,107435.0234375,107428.6328125,106380.3828125,104510.0546875,104400.6015625,103855.125,102322.453125,100979.3515625,100487.15625,100929.2421875,101375.46875,101612.2890625,101672.0390625,102135.5234375,102914.109375,105745.84375,109034.3359375,113145.1796875,117768.7578125,121608.1015625,124811.15625,130591.7890625,136231.765625,143495.359375,150734.78125,159139.078125,168665.34375,179041.453125,190348.09375,198414.765625,207528.625,224546.78125,236145.78125
KHM,Cambodia,rgdpna,Real GDP at constant 2021 national prices (in mil. 2021US$),,,,,,,,,,,,,,,,,,,,,14209.4072265625,13499.5478515625,12765.6025390625,10347.27734375,9805.810546875,9673.478515625,9673.478515625,8253.759765625,8253.759765625,7194.92041015625,6787.0830078125,6789.8720703125,6789.87255859375,7090.89453125,7440.62353515625,7788.11474609375,8084.1259765625,9824.76171875,11415.69140625,11386.15234375,11518.251953125,12392.103515625,13263.2607421875,13805.9375,14865.5830078125,15745.8994140625,16470.240234375,17395.833984375,18462.45703125,20882.14453125,23105.6953125,24813.138671875,26367.701171875,29079.271484375,31829.5,36063.88671875,40010.48828125,44170.95703125,47473.34375,49407.77734375,51916.16796875,55699.12109375,59960.25,64671.625,69845.5625,74879.3515625,80798.9453125,87323.4921875,94987.1953125,102526.2734375,98880.734375,101935.984375,107138.1484375,112492.9375
KHM,Cambodia,rnna,Capital stock at constant 2021 national prices (in mil. 2021US$),,,,,,,,,,,,,,,,,,,,,21849.814453125,22503.02734375,23031.900390625,23265.7578125,23432.63671875,23580.423828125,23726.302734375,23724.03125,23730.203125,23628.6875,23493.583984375,23372.62109375,23262.56640625,23197.783203125,23178.947265625,23203.01171875,23260.775390625,24027.416015625,24345.59375,24503.462890625,24620.068359375,25123.453125,25683.287109375,26835.728515625,27840.42578125,29944.326171875,31726.16796875,33923.1015625,35880.56640625,39065.546875,43149.8671875,47138.0703125,52344.61328125,58166.78515625,64875.7734375,73012.4765625,82950.671875,94231.3359375,107401.90625,121219.96875,133180.53125,146740.390625,163580.109375,183741.078125,206133.25,230710.359375,258702.3125,288732.53125,324742.90625,366338.78125,405119.96875,444840,486420,518962.53125
KNA,Saint Kitts and Nevis,rgdpna,Real GDP at constant 2021 national prices (in mil. 2021US$),,,,,,,,,,,,,,,,,,,,,162.106918334961,172.498397827148,180.811553955078,188.085586547852,198.477066040039,203.672790527344,216.142562866211,229.651458740234,238.630599975586,256.760986328125,278.431915283203,282.738983154297,284.287689208984,287.661376953125,313.164886474609,339.940673828125,376.848022460938,401.532867431641,438.575775146484,462.60888671875,485.171417236328,476.124542236328,496.450134277344,530.218444824219,558.329162597656,588.384704589844,622.763122558594,665.26025390625,662.022155761719,683.338500976563,776.66015625,815.846252441406,828.438903808594,797.7470703125,829.502563476563,914.335266113281,947.321411132813,954.97607421875,1015.99993896484,981.407775878906,980.875854492188,996.732788085938,989.380554199219,1046.04516601563,1125.3037109375,1133.11474609375,1177.67687988281,1180.27880859375,1203.92602539063,1238.01232910156,1047.92236328125,1052.94897460938,1163.74914550781,1190.56677246094
KNA,Saint Kitts and Nevis,rnna,Capital stock at constant 2021 national prices (in mil. 2021US$),,,,,,,,,,,,,,,,,,,,,1727.17895507813,1747.90832519531,1774.12963867188,1806.0732421875,1846.79077148438,1884.259765625,1932.80688476563,1997.57592773438,2031.51281738281,2102.91259765625,2198.10546875,2258.07177734375,2330.25634765625,2411.53588867188,2473.06420898438,2543.28271484375,2614.083984375,2730.92993164063,3004.36596679688,3304.41186523438,3580.41137695313,3757.13598632813,3910.8583984375,4131.11572265625,4300.6044921875,4547.56201171875,4808.16015625,5072.8076171875,5331.12939453125,5530.45849609375,5928.34814453125,6379.38134765625,6746.89111328125,7102.13232421875,7435.41064453125,7828.10546875,8228.91796875,8677.9853515625,9075.173828125,9433.6220703125,9689.931640625,9861.96875,10008.9228515625,10207.740234375,10466.67578125,10749.7734375,11067.306640625,11359.212890625,11718.0478515625,12027.1533203125,12204.3134765625,12376.4970703125,12596.146484375,12803.296875
KOR,Republic of Korea,rgdpna,Real GDP at constant 2021 national prices (in mil. 2021US$),,,,36158.44140625,36962.6015625,39984.89453125,41829.5625,44618.83984375,46175.03515625,46993.40234375,47547.40625,49691.703125,50846.296875,54808.1796875,59139.61328125,62101.00390625,69185.953125,73039.8046875,80798.703125,92374.953125,100146.109375,110813.078125,118943.2421875,136754.625,149949.9375,161843.25,183308.828125,205997.5,228800.296875,248790.40625,244998.171875,263137.40625,285420.59375,323857.625,358305.0625,386750.1875,431238,486834.125,545902.6875,585016.625,643663.9375,713662.25,758991.1875,812080.4375,888187.25,974660.25,1052539.875,1118662.375,1063412.5,1186951.875,1296173.625,1357429.75,1462549.125,1507518.625,1585662.875,1654769.875,1741562.625,1843304,1898684.25,1914250.875,2047897.5,2123424.5,2177522.25,2249193.25,2321497.5,2389292.25,2465069.25,2549699.75,2630681.25,2691549.75,2672702.75,2795993.5,2872256.25,2912586
KOR,Republic of Korea,rnna,Capital stock at constant 2021 national prices (in mil. 2021US$),,,,186662.53125,184695.375,183347.09375,181791.921875,183034.5,183336.578125,181973.59375,181026.734375,181622.078125,182051.1875,189762.984375,193574.0625,197572.375,209710.359375,222999.515625,242367.09375,261327.828125,278630.4375,296659.5,314503.53125,339852.53125,369699.9375,402465.5,447059.4375,509268.3125,596594.0625,687419.5,757855.1875,821445.3125,894122.125,982380.0625,1081918.625,1185808.25,1307673.75,1456627,1626340.25,1824322.75,2081204.375,2373699.75,2658525,2961285,3311433.5,3706063.5,4126841,4520410,4768835,5055696,5406002.5,5745667,6112896.5,6500600,6895688,7286868.5,7688607,8105177,8495607,8872521,9281741,9679358,10048379,10414791,10792130,11195962,11645592,12173519,12649840,13079924,13517808,13986308,14436004,14877307
KWT,Kuwait,rgdpna,Real GDP at constant 2021 national prices (in mil. 2021US$),,,,,,,,,,,,,,,,,,,,,124834.4375,133627.375,138839.875,129717.9921875,112865.9140625,99012.296875,105553.234375,101492.0234375,108956.5390625,124100.640625,100011.78125,81084.8203125,71558.0859375,77238.703125,81287.2421875,77820.6796875,84488.125,91370.6640625,82185.5234375,103465.703125,76327.7890625,45027.44921875,82314.3828125,110098.328125,119600.0390625,121244.8046875,124870.6796875,127991.6796875,132673.171875,130301.828125,136406.140625,136700.875,140827.265625,165220.03125,182138.15625,201461.359375,216601.625,229579.671875,235272.890625,218624.734375,213442.015625,233993.21875,249498.546875,252366.03125,253628.140625,255131.578125,262599.6875,250225.09375,257089.59375,262909.625,250244.15625,255901.6875,270895.5,261033.765625
KWT,Kuwait,rnna,Capital stock at constant 2021 national prices (in mil. 2021US$),,,,,,,,,,,,,,,,,,,,,21044.158203125,24071.65625,26923.751953125,29687.25,33163.3828125,39927.6484375,48795.8359375,61825.28125,72390.4296875,80880.1796875,90494.5546875,100094.859375,111524.5,125132.9765625,136748.34375,146300.234375,152103.484375,156592.75,157152.6875,156523.1875,157089.765625,161663.765625,164055.75,168518.0625,172299.828125,176917.65625,182099.015625,187258.640625,198702.84375,204457.71875,206519.125,210709.734375,218765.09375,230783.21875,243863.453125,262825.125,291863,327202.3125,371863.65625,399537.34375,429367.5625,457932.75,487533.96875,522582.0625,564438.8125,618508.75,677525.375,729537.375,782263.875,823116.0625,831313.0625,840710.25,875761.5625,906423.875
LAO,Lao People's DR,rgdpna,Real GDP at constant 2021 national prices (in mil. 2021US$),,,,,,,,,,,,,,,,,,,,,3068.40161132813,3221.47509765625,3332.67163085938,3623.60595703125,3755.60498046875,4006.15893554688,4124.578125,4042.32177734375,4082.54125976563,4000.96435546875,4401.2158203125,5076.00146484375,5435.57275390625,5690.23095703125,6098.06787109375,6407.23828125,6720.240234375,6624.423828125,6491.25927734375,7412.41015625,7909.38134765625,8249.212890625,8707.8564453125,9219.3076171875,9932.978515625,10673.361328125,11408.5947265625,12197.30078125,12684.5478515625,13607.7744140625,14398.3876953125,15228.1845703125,16273.630859375,17284.19140625,18497.763671875,19749.443359375,19570.6953125,23139.435546875,24940.771484375,26811.81640625,28991.89453125,31322.984375,33797.00390625,36509.65234375,39288.75390625,42144.88671875,45104.76171875,48195.01171875,51225.9296875,54021.7109375,55791.63671875,57733.046875,60286.4453125,62822.41015625
LAO,Lao People's DR,rnna,Capital stock at constant 2021 national prices (in mil. 2021US$),,,,,,,,,,,,,,,,,,,,,5554.03466796875,5689.037109375,5818.20849609375,5966.587890625,6110.107421875,6263.33154296875,6409.365234375,6530.8359375,6654.3505859375,6737.2216796875,6851.43505859375,7023.26416015625,7256.216796875,7577.00048828125,7677.85595703125,7881.255859375,8084.0888671875,8588.037109375,9346.3173828125,10700.509765625,11921.34375,13084.18359375,14201.21875,15360.9384765625,16710.369140625,18106.17578125,19842.08203125,21453.587890625,22771.341796875,24886.44921875,26113.275390625,27614.921875,30212.095703125,32794.56640625,36339.44140625,40351.27734375,45810.62109375,53738.23046875,61389.49609375,68833.203125,74603.5859375,81973.71875,92436.2421875,102493.546875,113714.1328125,125900.640625,138669.171875,154663.21875,172994.5,194205.296875,214621.0625,234249.328125,250984.453125,263775.125
LBN,Lebanon,rgdpna,Real GDP at constant 2021 national prices (in mil. 2021US$),,,,,,,,,,,,,,,,,,,,,44470.23828125,48573.6328125,54477.40625,57045.45703125,58416.296875,40714.12109375,17509.6484375,32091.548828125,31112.779296875,34040.53125,35216.51171875,35410.08203125,22383.130859375,27466.294921875,39683.09765625,49326.05859375,45985.07421875,53677.9296875,38535.98046875,22177.025390625,28061.29296875,38780.91015625,40526.01953125,43362.01953125,46832.33984375,49892.8125,52455.55859375,51256.01171875,53097.4609375,52856.88671875,53567.31640625,55641.05078125,57541.25,59395.5,63136.26171875,64831.96484375,65836.546875,71966.34375,78493.0625,86524.59375,93425.0390625,94235.3515625,96629.3046875,100311.3671875,102785.1171875,103250.6171875,104864.1640625,105821.3515625,103860.1640625,96796.6328125,72987.7734375,74459.25,75203.8359375,74677.4140625
LBN,Lebanon,rnna,Capital stock at constant 2021 national prices (in mil. 2021US$),,,,,,,,,,,,,,,,,,,,,141533.421875,145341.375,150580.859375,160409.28125,168328.046875,171159.59375,167386.671875,167914.171875,167570.625,167906.65625,167829.6875,170244.328125,165292.875,164068.890625,169429.359375,179317.15625,183712.4375,197070.796875,202253.015625,199984.734375,201176.40625,206302.140625,210590.921875,217647.96875,226190.328125,236054.328125,246479.484375,253572.53125,261001.421875,265296.4375,268647.84375,272832.09375,277222.25,282236.78125,288878.4375,295425.46875,301776.0625,311171.09375,324165.375,342738.96875,359868.75,375910.6875,392655.625,411942.8125,428916.03125,444329.84375,463204.21875,480966.84375,499652.84375,504050.28125,494918.34375,492057.59375,489355.46875,486850.78125
LBR,Liberia,rgdpna,Real GDP at constant 2021 national prices (in mil. 2021US$),,,,,,,,,,,,,,,2946.55859375,3085.88061523438,3328.13427734375,3553.75317382813,3723.22680664063,3994.59326171875,4255.56201171875,4470.78369140625,4631.93994140625,4810.77099609375,4974.1943359375,4781.40576171875,5011.22021484375,5058.45947265625,5349.55712890625,5604.90576171875,5252.5244140625,5048.2451171875,5136.828125,4960.14208984375,4930.93359375,4831.337890625,4774.3583984375,4860.0673828125,4997.490234375,5136.828125,2515.46020507813,2157.63061523438,1400.611328125,938.754150390625,734.459228515625,703.125610351563,788.35302734375,1626.21301269531,2117.46166992188,2577.82861328125,3315.49829101563,3412.26831054688,3540.66381835938,2473.32299804688,2538.13891601563,2672.20263671875,3074.71240234375,4285.94384765625,4696.90087890625,5132.97802734375,5583.52294921875,6124.55908203125,6910.49609375,7327.91064453125,7815.11083984375,8659.5341796875,8734.8779296875,9213.4853515625,9714.9931640625,9479.7685546875,9140.892578125,9356.5078125,9436.623046875,9869.4697265625
LBR,Liberia,rnna,Capital stock at constant 2021 national prices (in mil. 2021US$),,,,,,,,,,,,,,,9630.828125,10031.3955078125,10305.85546875,10586.16796875,10869.775390625,11170.7138671875,11335.0361328125,11439.8671875,11572.029296875,11627.8154296875,11811.6103515625,12069.501953125,12590.220703125,12963.849609375,13486.740234375,14055.9169921875,14190.966796875,14279.2490234375,14445.296875,14580.4873046875,14540.02734375,14313.8251953125,14031.7353515625,13776.361328125,13475.669921875,13178.6875,12762.60546875,12315.119140625,11864.8291015625,11409.0478515625,10975.859375,10581.1328125,10489.7646484375,10758.439453125,11198.9306640625,11774.5927734375,11414.72265625,11703.1201171875,11970.216796875,11867.6669921875,11723.966796875,11573.2265625,11455.7861328125,11840.0146484375,11760.71875,11710.55859375,11718.296875,12569.8720703125,13841.2041015625,16022.6630859375,15997.94140625,16994.498046875,17741.708984375,18100.576171875,18558.8125,18887.515625,19431.103515625,20418.365234375,21343.939453125,22396.490234375
LCA,Saint Lucia,rgdpna,Real GDP at constant 2021 national prices (in mil. 2021US$),,,,,,,,,,,,,,,,,,,,,716.147888183594,752.373291015625,771.879272460938,783.025512695313,827.610595703125,863.835998535156,1025.45690917969,1120.2001953125,1204.54345703125,1237.3974609375,1167.71643066406,1197.50476074219,1232.89990234375,1301.69348144531,1391.11926269531,1495.57006835938,1746.90576171875,1794.28076171875,2049.97265625,2200.93115234375,2265.85278320313,2279.18383789063,2445.49047851563,2452.08544921875,2494.80151367188,2523.037109375,2700.51684570313,2691.15893554688,2862.4267578125,2927.73120117188,2917.12280273438,2817.70458984375,2829.43823242188,2950.0947265625,3164.50024414063,3151.51000976563,3346.75268554688,3410.99926757813,3578.92236328125,3523.34423828125,3539.33374023438,3692.48486328125,3688.46215820313,3614.51049804688,3662.5068359375,3666.24682617188,3791.9208984375,3920.07373046875,4033.23754882813,4004.9921875,3029.31665039063,3380.68090820313,4069.94897460938,4159.89013671875
LCA,Saint Lucia,rnna,Capital stock at constant 2021 national prices (in mil. 2021US$),,,,,,,,,,,,,,,,,,,,,571.261047363281,685.643371582031,795.980407714844,902.930786132813,1003.98901367188,1115.2685546875,1260.82543945313,1362.91296386719,1545.57141113281,1737.03918457031,1936.81945800781,2175.60375976563,2367.05493164063,2486.82153320313,2629.1318359375,2831.78686523438,3069.14672851563,3302.55102539063,3651.65600585938,4110.00732421875,4481.830078125,4882.4248046875,5285.8857421875,5605.7978515625,6162.78857421875,6586.79833984375,7153.892578125,7755.828125,8352.1279296875,8961.6025390625,9537.3818359375,10010.4501953125,10381.958984375,10726.8037109375,11162.359375,11782.947265625,12744.630859375,13290.5830078125,14025.4482421875,14603.1826171875,15097.720703125,15635.388671875,16121.5625,16519.712890625,16768.373046875,17061.94921875,17469.322265625,17875.013671875,18314.099609375,18721.998046875,18944.974609375,19231.822265625,19632.900390625,20051.712890625
LKA,Sri Lanka,rgdpna,Real GDP at constant 2021 national prices (in mil. 2021US$),13178.0166015625,14071.486328125,14925.83984375,14264.4013671875,15341.3203125,16100.8349609375,14154.720703125,14600.0498046875,15634.3955078125,15926.01171875,16959.904296875,18941.81640625,19009.755859375,20684.4296875,21405.541015625,21910.576171875,23095.849609375,25275.787109375,26579.63671875,29132.25,31684.458984375,31849.017578125,32858.55859375,34017.46484375,35361.46875,36562.125,37946.7890625,39504.3671875,42928.234375,45532.86328125,48337.91796875,51019.625,53665.32421875,56215.87109375,59055.56640625,62018.203125,64668.69921875,65717.3984375,67543.703125,68877.171875,73174.640625,76702.3515625,80061.109375,85597.8203125,90433.40625,95433.8125,99019.5234375,105399.84375,110408.0703125,115127.1484375,122010.765625,120339.9609375,125177.8359375,132613.734375,139834.625,148562.75,161018.140625,173105.234375,184624.1875,192428.421875,209234.921875,227374.515625,247001.90625,257009.796875,273401.8125,284900.96875,299298.8125,318635.53125,325996.28125,325277.53125,310235.03125,323288.09375,299536.78125,292653.40625
LKA,Sri Lanka,rnna,Capital stock at constant 2021 national prices (in mil. 2021US$),22397.904296875,23717.240234375,25058.650390625,25995.390625,27000.1875,28496.439453125,29743.48046875,30684.8984375,31874.44921875,33212.66796875,34466.19140625,35987.8828125,37330.57421875,39002.671875,40426.4765625,41557.56640625,43067.19140625,44797.44140625,47048.40234375,50179.609375,53852.0546875,57093.6640625,60699.09765625,64141.72265625,67738.4765625,71434.5,76070.90625,80278.140625,86760.1015625,94508.5703125,103645.65625,112499.265625,121083.34375,128941.328125,135023.53125,140706.875,145725.734375,151417.359375,155595.984375,159254.0625,163541.1875,168909.84375,174715.828125,182832.421875,191836.5625,200461.234375,209617.9375,220042.703125,233131.03125,245642.078125,259521.734375,268026.375,278208.375,292366.59375,312127.25,334698.09375,361752.28125,391587.15625,422379.1875,454473.8125,490777.96875,536878.5,589874.8125,645625,696832.5,747761.6875,809742.625,881936.6875,948990.6875,996802.1875,1033300.25,1074620.875,1087758.375,1093644.875
LSO,Lesotho,rgdpna,Real GDP at constant 2021 national prices (in mil. 2021US$),,,,,,,,,,,453.564727783203,458.411773681641,530.779418945313,591.186767578125,642.149597167969,654.000610351563,667.99951171875,740.846923828125,740.052978515625,749.72314453125,768.169982910156,696.474182128906,829.623596191406,1046.17443847656,1109.09130859375,1018.37396240234,1186.63989257813,1395.87463378906,1670.95275878906,1489.51818847656,1448.63427734375,1462.76721191406,1515.26135253906,1385.03576660156,1421.37768554688,1554.63195800781,1585.42163085938,1666.18176269531,1842.7587890625,1991.95581054688,2120.19555664063,2207.32397460938,2305.88623046875,2389.2841796875,2467.1845703125,2580.5380859375,2833.7958984375,3064.70288085938,2915.33715820313,3002.06713867188,3156.35034179688,3289.8388671875,3307.35302734375,3462.50610351563,3541.92211914063,3637.64868164063,3794.33862304688,4329.814453125,4568.9677734375,4511.6845703125,4749.43505859375,4968.6884765625,5283.42138671875,5378.1162109375,5470.111328125,5641.00146484375,5844.580078125,5661.16650390625,5577.345703125,5498.25341796875,5049.82373046875,5164.2880859375,5287.6005859375,5384.18505859375
LSO,Lesotho,rnna,Capital stock at constant 2021 national prices (in mil. 2021US$),,,,,,,,,,,1317.42724609375,1283.54382324219,1268.91955566406,1267.39807128906,1275.11376953125,1292.31018066406,1298.88830566406,1321.84729003906,1338.98767089844,1354.125,1370.26062011719,1403.96179199219,1448.4775390625,1536.71765136719,1609.36682128906,1722.46276855469,1922.44921875,2234.46606445313,2467.80810546875,2835.65087890625,3169.6953125,3473.0615234375,3870.35205078125,3957.00659179688,4131.20849609375,4448.154296875,4611.28759765625,4794.029296875,5122.119140625,5505.48974609375,5981.2060546875,6690.724609375,7510.29833984375,8110.88037109375,8764.630859375,9503.6376953125,10284.095703125,11084.1376953125,11741.927734375,12259.2783203125,12742.416015625,13164.5439453125,13451.8623046875,13741.599609375,13967.0791015625,14100.1845703125,14327.9521484375,14633.8759765625,15098.041015625,15531.724609375,16064.1181640625,16665.603515625,17712.3828125,18573.125,19457.71484375,20416.9296875,21250.232421875,22043.25,22869.65625,23652.501953125,24242.890625,24958.541015625,25806.958984375,26610.595703125
LTU,Lithuania,rgdpna,Real GDP at constant 2021 national prices (in mil. 2021US$),,,,,,,,,,,,,,,,,,,,,,,,,,,,,,,,,,,,,,,,,68807.5,64902.2109375,51104.671875,42811.98828125,38630.9453125,39901.9375,41907.78515625,45386.39453125,48773.55078125,48238.50390625,49887.59375,53122.3671875,56692.109375,62674.1953125,66749.296875,71909.984375,77228.0703125,85783.34375,88013.25,74953.3046875,75273.5078125,80033.53125,83541.3203125,86922.171875,90201.34375,92756.578125,95234.9609375,99627.421875,104527.4765625,109416.5859375,109463.4375,116447.2265625,119402.1015625,119810.765625
LTU,Lithuania,rnna,Capital stock at constant 2021 national prices (in mil. 2021US$),,,,,,,,,,,,,,,,,,,,,,,,,,,,,,,,,,,,,,,,,257196.5625,263937.125,267047.59375,267932.03125,267876.65625,267643.21875,269490.34375,273861.4375,280401.0625,285275.6875,288621.90625,293308.84375,298974.875,306435.53125,315780.0625,326369.90625,339997.65625,357757.59375,372635.8125,375656.34375,378847.3125,385664.6875,391641.84375,399015.125,407256.8125,416204,425373.71875,436061.78125,448538.875,462020.40625,475017.03125,491462.84375,508500.75,527351.6875
LUX,Luxembourg,rgdpna,Real GDP at constant 2021 national prices (in mil. 2021US$),6238.0869140625,5966.595703125,6303.2421875,6451.75830078125,6400.162109375,6709.4892578125,6996.21875,7352.5048828125,7448.1240234375,7459.50830078125,7778.10400390625,8051.337890625,8152.04052734375,8310.8388671875,9059.1806640625,9216.8095703125,9326.7275390625,9399.7724609375,9890.8232421875,10954.5849609375,11073.4462890625,11368.8017578125,12118.9375,13126.3447265625,13679.2880859375,12780.37109375,13104.2685546875,13309.974609375,13852.353515625,14177.275390625,14296.4892578125,14217.72265625,14378.5693359375,14808.3544921875,15724.5380859375,16163.51953125,17777.27734375,18479.65234375,20043.63671875,22007.525390625,23178.3125,25181.888671875,25640.111328125,26717.162109375,27738.00390625,28135.26953125,28528.619140625,30074.822265625,32082.169921875,34704.9453125,37112.82421875,38253.80078125,39487.64453125,40521.98046875,42236.82421875,43285.51171875,45889.87890625,49606.34765625,49457.44140625,47855.53515625,49655.1015625,50173.6484375,51001.46484375,52619.125,53999.3671875,55225.0390625,57974.24609375,58737.87890625,59454.07421875,61187.66796875,60630.96875,64977.2421875,65874.0390625,65152.25
LUX,Luxembourg,rnna,Capital stock at constant 2021 national prices (in mil. 2021US$),19669.666015625,20811.201171875,22471.83203125,24595.208984375,26423.31640625,28052.126953125,29740.265625,31829.94921875,33804.51171875,35492.36328125,37323.16015625,39481.6171875,41788.875,43956.01171875,46429,48583.46484375,50347.26953125,51346.05859375,52264.015625,53687.45703125,55771.76953125,58263.796875,60967.64453125,64180.46875,66892.8359375,69168.859375,71212.5,73239.578125,75285.6015625,77466.2578125,80257.421875,82505.6328125,84651.9140625,86104.4140625,87542.734375,88498.8828125,90994.7734375,94243.21875,97894.859375,101702.4140625,105452.4453125,110150.1015625,113211.3046875,117737.0078125,122010.3671875,126066.3515625,129777.015625,134285.203125,139253.734375,146179.375,152194.171875,158697.296875,164945.984375,171452.78125,178629.671875,184884.21875,191423.125,199517.21875,208875.84375,215241.203125,221497.03125,230164.25,238476.3125,246225.625,254938.28125,261521.796875,268377.375,275953.09375,281823.3125,290155.59375,296799.59375,306598.4375,314336.03125,321708
LVA,Latvia,rgdpna,Real GDP at constant 2021 national prices (in mil. 2021US$),,,,,,,,,,,,,,,,,,,,,,,,,,,,,,,,,,,,,,,,,48035.2109375,43033.53125,28032.541015625,23864.474609375,24018.62109375,24061.205078125,24614.6015625,26872.123046875,28632.248046875,29439.220703125,31158.7734375,33171.80859375,35714.59375,38725.0234375,42103.8359375,46994.328125,53021.36328125,58543.2890625,56559.42578125,47487.28125,45748.6484375,47137.73828125,50581.2578125,51641.4921875,52723.359375,54718.078125,56114.30859375,58021.60546875,60522.171875,60930.92578125,58817.09375,62903.24609375,64043.48828125,65136.58203125
LVA,Latvia,rnna,Capital stock at constant 2021 national prices (in mil. 2021US$),,,,,,,,,,,,,,,,,,,,,,,,,,,,,,,,,,,,,,,,,432149.34375,426547.0625,418516.53125,410148.28125,402712.15625,396550.4375,393510.375,390809.3125,392994.21875,394556.4375,398585.5,405209.46875,409872.28125,415331.5625,424445.84375,436542.0625,449464.3125,464910.28125,475534.84375,476367.53125,474289.625,476033.4375,480636.46875,483739.40625,485909.4375,487592.8125,488150.46875,490180.84375,494157.59375,497877.46875,500833.5,504702.3125,508123.28125,513090.71875
MAC,"China, Macao SAR",rgdpna,Real GDP at constant 2021 national prices (in mil. 2021US$),,,,,,,,,,,,,,,,,,,,,2405.64233398438,2594.38500976563,2798.13061523438,3017.42456054688,3254.2021484375,3510.4970703125,3783.91870117188,4081.96166992188,4406.98193359375,4738.74365234375,5124.53076171875,5545.79296875,5892.18408203125,6482.68115234375,7031.1318359375,7082.625,7556.7734375,8636.85546875,9311.5615234375,9779.3740234375,10559.8310546875,10946.19921875,12401.935546875,13045.1943359375,13599.98046875,14048.208984375,13989.34375,13950.29296875,13312.564453125,12998.6552734375,13745.587890625,14142.669921875,15402.8056640625,17195.837890625,21775.12890625,23533.6015625,26684.91796875,30547.916015625,31583.9921875,31986.373046875,40022.25,48673.734375,53172.26953125,58889.8203125,57683.4765625,45273.25,44965.7890625,49399.4765625,52563.69140625,51216.23828125,23387.302734375,28891.734375,23226.259765625,40660.20703125
MAC,"China, Macao SAR",rnna,Capital stock at constant 2021 national prices (in mil. 2021US$),,,,,,,,,,,,,,,,,,,,,5140.80078125,5726.37451171875,6346.62548828125,7006.21923828125,7709.99755859375,8461.8486328125,9269.12890625,10141.3896484375,11082.6162109375,12094.935546875,13164.6337890625,14269.61328125,15464.7373046875,16703.212890625,17916.484375,19203.283203125,20931.533203125,22617.322265625,24667.78125,26782.53515625,29177.009765625,32454.412109375,37343.30859375,42297.7734375,47085.890625,51128.46875,53565.35546875,56030.48828125,57782.5234375,59569.3203125,59895.6015625,60108.03515625,60574.71484375,62704.7421875,66671.875,74934.4609375,87785.296875,104249.8828125,117201.203125,124164.6328125,129065.671875,135614.359375,144368,154186.296875,169461.78125,185362.71875,198223.71875,210177.328125,219929.625,226321.75,230801.0625,235039.28125,236953.984375,240883.578125
MAR,Morocco,rgdpna,Real GDP at constant 2021 national prices (in mil. 2021US$),16363.12109375,16569.65234375,17376.087890625,18223.591796875,18645.708984375,17407.90234375,17745.625,17071.314453125,19035.279296875,19538.75390625,19976.98828125,24020.734375,27646.919921875,32042.296875,33690.5625,33580.6796875,32349.974609375,33822.421875,36064.06640625,39690.25,41514.3359375,43209.23046875,44904.1328125,46513.21484375,49109.203125,52820.8203125,58527.69921875,62067.68359375,63462.21875,66508.7421875,69319.28125,67401.28125,73885.0546875,73473.3828125,76654.453125,81500.90625,88106.3046875,85916.984375,94973.6796875,97331.4140625,101111.28125,108137.703125,103777.7734375,102726.9921875,113367.4765625,105908.515625,118847.625,116199.84375,125118.078125,125780.4765625,127783.609375,137433.765625,141991.125,150960.65625,158209.578125,162921.875,175564.375,180314.828125,193163.328125,212872.5,223831.9375,240571.828125,248894.0625,264107.59375,277820.84375,289891,291401.84375,306140.75,315525.75,324647.53125,301343.625,325917.5625,330894.96875,342156.5
MAR,Morocco,rnna,Capital stock at constant 2021 national prices (in mil. 2021US$),69508.7421875,72675.296875,75467.671875,79060.875,82076.6875,82971.5546875,83271.2109375,82488.8359375,83878.6171875,83478.4375,84109.6953125,84536.46875,86277.3359375,88735.0546875,90601.3828125,92718.578125,94526.0234375,98266.671875,101551.6953125,105224.5390625,111648.2578125,117628.3515625,122091.5390625,126187.3515625,129416.6796875,144598.78125,163820.125,187530.703125,200134.078125,212096.734375,224450.40625,237272.921875,250685.75,261622.015625,270784,282040.625,292597.6875,302713.3125,314772.3125,329765.75,344868.75,359820.4375,373678.84375,385950.0625,396868.3125,409884.3125,422557.5625,437151.46875,455628.75,476536.0625,496909.8125,516266.3125,537651.25,561379.5625,587712.3125,616103.8125,648164.6875,687185.8125,734386.125,778237.5,817374.0625,862501.5,907929.375,952649.5,995085.3125,1037884.0625,1090464.125,1142240.375,1194168.75,1245164.625,1282119.25,1325512.75,1363733.5,1403223.875
MDA,Republic of Moldova,rgdpna,Real GDP at constant 2021 national prices (in mil. 2021US$),,,,,,,,,,,,,,,,,,,,,,,,,,,,,,,,,,,,,,,,,54387.74609375,44879.21875,31842.666015625,31470.396484375,21740.017578125,21441.029296875,20180.923828125,20513.333984375,19171.31640625,18525.58203125,18916.048828125,20077.76171875,21645.76171875,23079.4375,24778.84375,26637.6015625,27912.119140625,28749.04296875,31002.27734375,29145.3671875,31212.962890625,33028.98046875,32834.1953125,35803.6796875,37593.73046875,37330.57421875,39064.95703125,40696.16015625,42354.76953125,43859.34375,40229.5546875,45833.52734375,43703.2578125,44154.30078125
MDA,Republic of Moldova,rnna,Capital stock at constant 2021 national prices (in mil. 2021US$),,,,,,,,,,,,,,,,,,,,,,,,,,,,,,,,,,,,,,,,,122129.2890625,124188.9609375,128853.546875,132112.5,130263.203125,128189.3984375,126420.8125,124577.4609375,123179.21875,121007.4453125,119330.2890625,118074.4609375,116970.84375,116545.625,116676.3203125,117781.0234375,119608.4609375,122854.3359375,126402.796875,126061.0234375,126700.578125,127995.21875,129227.265625,131234,133865.734375,135708.984375,137255.640625,139371.140625,142547.234375,146596.90625,150861.21875,155147.265625,157561.5,151004.21875
MDG,Madagascar,rgdpna,Real GDP at constant 2021 national prices (in mil. 2021US$),,,,,,,,,,,14477.15234375,15379.4541015625,15517.4228515625,14659.353515625,15489.4423828125,15502.546875,15962.927734375,17846.4140625,18829.220703125,19448.244140625,20278.78515625,21140.673828125,20872.349609375,20417.01171875,20669.07421875,20929.267578125,20286.91796875,20766.646484375,20221.8671875,22205.83984375,22384.720703125,20449.537109375,20075.509765625,20238.130859375,20583.125,20821.041015625,21228.947265625,21479.04296875,22210.064453125,23115.990234375,23839.525390625,22335.361328125,22600.29296875,23074.12109375,23057.6015625,23452.39453125,23956.369140625,24840.291015625,25814.17578125,27027.30078125,28307.6484375,30002.84765625,26207.232421875,28772.119140625,30284.66796875,31678.642578125,33269.73828125,35345.9921875,37718.63671875,36217.92578125,36442.19921875,37017.41015625,38132.05859375,39009.2421875,40311.83984375,41574.52734375,43234.65625,44935.2109375,46370.6015625,48416.1171875,44960.33203125,47051.29296875,49006.79296875,51066.5703125
MDG,Madagascar,rnna,Capital stock at constant 2021 national prices (in mil. 2021US$),,,,,,,,,,,44536.2421875,44166.88671875,43669.37890625,43619.53515625,43741.9765625,43719.0546875,43776.85546875,44045.08203125,44707.1484375,45497.328125,46086.71484375,47040.90625,47392.3046875,47828.7421875,48397.21875,48868.90234375,49009.01171875,49139.6484375,49148.05078125,50423.16796875,51470.5703125,51648.55078125,51489.0859375,51351.296875,51304.03125,51264.828125,51292.34375,51573.28125,52447.92578125,53309.359375,54805.8828125,54132.16796875,54191.26953125,54403.01171875,54229.83203125,54055.73046875,54122.5390625,54290.04296875,54860.25,55386.62109375,56273.14453125,57827.62890625,57667.05859375,58836.80859375,61051.23828125,62994.0859375,65847.9765625,69864.0703125,78106.6484375,84331.4296875,88207.9765625,92164.7109375,96414.6796875,99937.0703125,103411.421875,107079.015625,111639.25,116017.5,121458.0859375,128040.7734375,133303.453125,139624.59375,146265.640625,152956.265625
MDV,Maldives,rgdpna,Real GDP at constant 2021 national prices (in mil. 2021US$),,,,,,,,,,,,,,,,,,,,,388.497467041016,408.727386474609,418.635955810547,425.241638183594,449.600128173828,413.681671142578,416.158813476563,462.986450195313,530.974731445313,587.598999023438,696.73291015625,778.701538085938,755.245300292969,878.020324707031,1114.69482421875,1259.44665527344,1377.57250976563,1499.71337890625,1630.51843261719,1781.39855957031,2070.90234375,2229.3896484375,2368.85864257813,2514.6669921875,2681.60717773438,2871.79174804688,3097.47583007813,3357.60009765625,3609.24169921875,3832.13623046875,3979.51245117188,3822.5751953125,4100.4150390625,4664.2236328125,4935.51220703125,4381.59130859375,5415.90087890625,5801.69873046875,6322.6806640625,5806.8916015625,6203.81982421875,6735.654296875,6894.86865234375,7374.97509765625,7950.30419921875,8266.0673828125,8809.3330078125,9430.791015625,10248.251953125,10996.2041015625,7377.482421875,10144.619140625,11547.2216796875,12092.990234375
MDV,Maldives,rnna,Capital stock at constant 2021 national prices (in mil. 2021US$),,,,,,,,,,,,,,,,,,,,,423.045196533203,456.539978027344,488.543548583984,522.569580078125,561.396484375,608.128112792969,614.699829101563,639.660705566406,697.735717773438,768.334411621094,973.22216796875,1217.69091796875,1451.68505859375,1687.26489257813,1989.85717773438,2322.30395507813,2674.74340820313,3049.76049804688,3450.58666992188,3885.26318359375,4383.8212890625,4906.5166015625,5467.12451171875,6059.46142578125,6709.08349609375,7279.3466796875,7948.84326171875,8836.208984375,9722.3876953125,10764.0380859375,11550.37109375,12421.3720703125,13253.8828125,14583.625,16529.0234375,19112.263671875,21976.30078125,25559.96875,29861.58984375,31970.083984375,34339.1796875,37704.48046875,40820.03515625,44363.19921875,49044.65234375,54391.01171875,59740.06640625,65388.29296875,73017.7421875,79972.9296875,80878,81650.0390625,83924.421875,85943.46875
MEX,Mexico,rgdpna,Real GDP at constant 2021 national prices (in mil. 2021US$),168484.8125,184758.921875,191773.15625,190364.984375,211174.09375,228525.203125,246876.265625,266786.0625,278705.03125,284479.6875,309941.28125,318761.5,331232.71875,363111.71875,412760.96875,435792.21875,462774.125,489038.375,533368.5625,552843.5625,589416.4375,614003.4375,666119.1875,722133.6875,766261.5625,809257.125,843559.625,872601.4375,944589.5,1031064.4375,1116891.375,1215111.125,1206519.5,1154689.125,1196253.125,1229416.375,1183265,1205223.5,1220233.75,1271462.75,1335904.375,1392309.625,1442831.75,1490523,1556018.625,1464053,1555092.375,1667041.5,1770149.25,1818917.5,1910395.875,1901783,1897283.75,1919776.875,1988225.25,2030241.5,2127794.75,2172007.5,2192496.75,2054473.375,2156608.25,2230883,2310150.75,2329835.75,2388169.25,2452705.25,2496179.25,2542901,2593049,2582866.5,2367093,2510266.25,2603422,2689214.75
MEX,Mexico,rnna,Capital stock at constant 2021 national prices (in mil. 2021US$),415028.5625,443939.5,475898.03125,505845.21875,540322.9375,579527.6875,631771.375,686973,733574.9375,778208.5,830701.125,884701.9375,935840.625,1000840.375,1084370.25,1179670.5,1281582.75,1385075,1508512.125,1611524.25,1720407.25,1821928.125,1941039.875,2083733,2237338.75,2405505.5,2567267,2705042,2875234.25,3094565,3351841,3657681,3874959.75,3974376,4090092.75,4230042,4328456,4424549,4539001.5,4658385.5,4776021,4913728,5070182,5253452,5472600.5,5543877.5,5671429.5,5844027,6043366.5,6246603,6454623.5,6614301,6760300,6905019.5,7068316.5,7243768,7449402.5,7676115,7925027,8104519,8304676.5,8536764,8777368,8984429,9194518,9423436,9648700,9855634,10053732,10215500,10279037,10393107,10544608,10777758
MKD,North Macedonia,rgdpna,Real GDP at constant 2021 national prices (in mil. 2021US$),,,,,,,,,,,,,,,,,,,,,,,,,,,,,,,,,,,,,,,,,23953.4375,23203.650390625,21311.1640625,21050.251953125,20662.4921875,20432.1484375,20674.255859375,20971.990234375,21680.681640625,22621.384765625,23650.587890625,22925.1796875,23267.60546875,23784.744140625,24896.484375,26072.595703125,27411.935546875,29186.4375,30783.494140625,30673.0859375,31703.328125,32445.162109375,32297.2109375,33241.8515625,34448.390625,35776.6171875,36795.6640625,37193.63671875,38265.03515625,39761.26953125,37897.1640625,39606.5859375,40699.28515625,41542.87890625
MKD,North Macedonia,rnna,Capital stock at constant 2021 national prices (in mil. 2021US$),,,,,,,,,,,,,,,,,,,,,,,,,,,,,,,,,,,,,,,,,84018.21875,86838.3046875,88410,89489.8359375,90131.0078125,91257.5859375,92720.9765625,93978.640625,95179.3125,96329.2265625,97419.0546875,98969.84375,100489.765625,101790.8359375,103523.84375,104709.2734375,106252.4140625,108687.921875,112120.59375,115546.828125,118552.953125,122380.171875,126573.4609375,130928.984375,135472.71875,140797.578125,146906.34375,154122.65625,158279.828125,163137.25,167793.1875,172719.5625,177842.890625,183393.421875
MLI,Mali,rgdpna,Real GDP at constant 2021 national prices (in mil. 2021US$),,,,,,,,,,,1561.24145507813,1533.41918945313,1503.45202636719,1601.83544921875,1352.05102539063,1403.71630859375,1456.61437988281,1433.4765625,1527.19421386719,1542.5693359375,1681.35693359375,1724.55102539063,1825.333984375,1798.7734375,1771.27319335938,1977.18469238281,2246.54516601563,2389.17041015625,2354.20556640625,2598.94091796875,2486.51489257813,2593.7109375,2755.31274414063,2612.564453125,2630.34057617188,2853.89013671875,3313.9169921875,3235.8095703125,3243.88940429688,3486.83081054688,3570.86401367188,4094.25708007813,4020.85595703125,4202.11083984375,4502.591796875,6178.8193359375,7427.2255859375,8278.93359375,8818.08203125,9983.4521484375,10453.0068359375,11985.5458984375,12935.9990234375,14611.5029296875,13712.4951171875,15134.28125,17028.130859375,18441.94921875,20202.390625,22575.462890625,25029.208984375,26968.94921875,29993.6796875,32094.91015625,34593.03515625,37193.9921875,40505.95703125,43231.30078125,46159.171875,49059.56640625,49388.875,51167.46875,54723.9375,60552.77734375
MLI,Mali,rnna,Capital stock at constant 2021 national prices (in mil. 2021US$),,,,,,,,,,,791.987609863281,854.094177246094,922.532104492188,1005.04516601563,1135.44274902344,1221.5322265625,1342.10107421875,1459.59582519531,1572.70434570313,1682.59448242188,1771.53918457031,1876.24597167969,2055.75830078125,2225.984375,2356.69555664063,2537.109375,2703.0791015625,2952.94409179688,3254.54370117188,3506.23217773438,3687.27856445313,3919.03002929688,4158.37744140625,4376.39697265625,4597.1533203125,4890.1552734375,5315.560546875,5672.2412109375,6042.3369140625,6437.5517578125,6858.1640625,7287.23583984375,7719.43310546875,8190.013671875,8655.869140625,9819.7060546875,11237.501953125,12652.5126953125,13670.9384765625,14382.6533203125,15136.9736328125,16121.11328125,17119.130859375,18327.5546875,19673.421875,21140.203125,22904.02734375,24717.830078125,27416.63671875,30055.359375,32920.59375,36609.52734375,38309.25,41402.28515625,44814.56640625,49102.06640625,54020.421875,58545.8828125,63574.2578125,69789.8203125,76384,83201.1875,90069.8984375,97764.953125
MLT,Malta,rgdpna,Real GDP at constant 2021 national prices (in mil. 2021US$),,,,,790.571044921875,790.571105957031,885.148559570313,882.723510742188,928.799743652344,923.949584960938,977.810302734375,970.02587890625,928.799743652344,927.053771972656,945.653930664063,1012.29467773438,1120.25866699219,1199.14587402344,1319.38061523438,1404.1123046875,1581.14208984375,1619.94311523438,1714.52062988281,1785.607421875,1964.81774902344,2349.13818359375,2748.89282226563,3083.822265625,3428.0126953125,3787.63793945313,4054.65576171875,4188.93603515625,4284.63037109375,4258.39111328125,4298.52099609375,4409.64990234375,4580.9736328125,4769.27490234375,5170.57373046875,5593.4794921875,5945.3876953125,6317.35986328125,6613.70361328125,6910.04638671875,7300.541015625,7763.5771484375,8056.83349609375,8480.3798828125,8915.05078125,9335.837890625,9961.337890625,9885.9638671875,10156.9501953125,10532.1748046875,10575.0576171875,10879.689453125,11133.8525390625,11694.6279296875,12210.3759765625,12039.9990234375,12786.1591796875,12912.9931640625,13442.759765625,14288.5400390625,15378.91796875,16858.537109375,17545.982421875,19822.06640625,21247.095703125,22114.9765625,21376.8984375,24207.162109375,25243.60546875,26934.17578125
MLT,Malta,rnna,Capital stock at constant 2021 national prices (in mil. 2021US$),,,,,1322.24682617188,1360.04516601563,1439.48474121094,1542.07897949219,1663.18762207031,1761.51879882813,1871.19860839844,1958.37390136719,2044.07653808594,2136.384765625,2268.03393554688,2385.68432617188,2521.34106445313,2697.39038085938,2930.15795898438,3189.25317382813,3441.74877929688,3699.74194335938,3976.38354492188,4268.91748046875,4602.6728515625,4991.20458984375,5504.3037109375,6046.1005859375,6546.06494140625,7117.51416015625,7665.8779296875,8337.8427734375,9135.599609375,10083.498046875,10895.9697265625,11623.2099609375,12214.2705078125,13111.7275390625,14041.4892578125,14947.17578125,16082.916015625,17154.173828125,18169.005859375,19338.265625,20631.41015625,22247,23708.65625,25295.419921875,27023.9140625,28730.390625,30640.576171875,32121.814453125,33079.61328125,34884.55078125,36609.69921875,38693.046875,40471.9921875,42637.45703125,44570.33984375,46269.86328125,48441.13671875,49846.0234375,51712.08984375,53126.625,54656.98828125,58549.90234375,61643.0625,64397.2421875,67535.2734375,71102.4765625,74456.546875,79427.125,84958.6015625,88335.421875
MMR,Myanmar,rgdpna,Real GDP at constant 2021 national prices (in mil. 2021US$),,,,,,,,,,,,,18084.740234375,20422.4453125,19184.01953125,21118.189453125,20211.40234375,19376.5078125,21336.19140625,22038.892578125,23794.4921875,24564.09375,24673.001953125,25039.11328125,25795.21875,26849.517578125,28329.73046875,29815.587890625,31670.091796875,33163.20703125,35784.8359375,38039.4375,40102.05859375,41847.66015625,43911.890625,45163.81640625,44686.27734375,42896.30859375,38026.53125,39431.7265625,40542.48828125,40278.71484375,44170.015625,46837.62890625,50340.125,53837.78125,57306.3984375,60545.1171875,63544.265625,70499.265625,80190.046875,89286.875,100024.0859375,113871.4140625,129317.6875,146864.765625,166068.484375,185982.5,205055.546875,226688.9375,249715.125,263677.875,283012.5,306859.15625,331380,354552.875,369210.4375,388716.3125,405143.875,424999.1875,418932.15625,428511.25,443057.5,447497.96875
MMR,Myanmar,rnna,Capital stock at constant 2021 national prices (in mil. 2021US$),,,,,,,,,,,,,4938.474609375,5464.88427734375,5954.458984375,6976.4111328125,6792.083984375,7115.01806640625,7904.421875,8482.87890625,9207.6650390625,9848.34375,10370.08984375,10677.6259765625,10862.0810546875,11052.7158203125,11404.7841796875,12259.4736328125,13517.5986328125,15086.7333984375,16436.044921875,17998.720703125,19781.6953125,21072.423828125,22058.62890625,22996.65234375,23727.587890625,24135.193359375,23823.7734375,23832.5,24615.34765625,25428.755859375,26189.697265625,27131.88671875,28700.58984375,31220.779296875,34621.421875,38130.4453125,41922.6171875,46081.6484375,50740.7890625,55727.29296875,60850.390625,68751.0859375,79173.234375,93838.6171875,112871.3671875,137851.078125,167853.71875,210144.328125,267705.125,346063.46875,427842.21875,518801.6875,612866.8125,722686.3125,820006.0625,928572.25,1024984,1121899,1202734.125,1280550.125,1353603.25,1427884
MNE,Montenegro,rgdpna,Real GDP at constant 2021 national prices (in mil. 2021US$),,,,,,,,,,,,,,,,,,,,,,,,,,,,,,,,,,,,,,,,,11566.185546875,10316.4609375,7891.693359375,5008.8603515625,5083.54541015625,5810.4775390625,7413.71142578125,7901.65185546875,8265.1171875,7578.017578125,8678.3740234375,8773.822265625,8940.8701171875,9162.8408203125,9568.412109375,9968.4287109375,10822.3447265625,11559.3623046875,12394.265625,11676.0068359375,11995.267578125,12382.529296875,12045.25390625,12472.73828125,12695.2158203125,13125.6298828125,13512.7421875,14150.064453125,14868.58984375,15472.6943359375,13104.306640625,14813.564453125,15762.62109375,16761.607421875
MNE,Montenegro,rnna,Capital stock at constant 2021 national prices (in mil. 2021US$),,,,,,,,,,,,,,,,,,,,,,,,,,,,,,,,,,,,,,,,,22870.634765625,23137.998046875,23127.470703125,22809.9140625,22537.2265625,22380.869140625,22442.697265625,22534.421875,22687.8828125,22813.94921875,22889.947265625,23156.9140625,23627.302734375,23872.767578125,24205.248046875,24661.400390625,25582.720703125,27869.072265625,31042.466796875,32811.75,33967.59765625,34921.3359375,35807.42578125,36905.3046875,37914.84765625,39198.05078125,41460.6328125,44318.7578125,47707.56640625,50852.9453125,53258.15625,55045.6328125,56793.6015625,58672.5
MNG,Mongolia,rgdpna,Real GDP at constant 2021 national prices (in mil. 2021US$),,,,,,,,,,,,,,,,,,,,,4163.857421875,4359.00341796875,4516.30859375,4918.546875,5126.10986328125,5459.90625,5673.0595703125,6114.7275390625,6574.5205078125,6854.88134765625,7296.54931640625,7907.72119140625,8566.5166015625,9062.70703125,9598.6640625,10143.7890625,11099.9755859375,11493.1298828125,12079.841796875,12584.822265625,12268.1376953125,11201.6005859375,10164.728515625,9842.6298828125,10052.7099609375,10693.712890625,10932.7265625,11358.744140625,11738.119140625,12098.5224609375,12237.1787109375,12598.5068359375,13194.79296875,14119.0390625,15619.2451171875,16752.212890625,18185.5703125,20049.23046875,21833.6875,21556.705078125,22928.8515625,26893.4765625,30206.62890625,33725.41796875,36384.62890625,36839.45703125,37388.3125,39495.71875,42554.73046875,44938.734375,42890.546875,43592.58203125,45786.3984375,49001.9921875
MNG,Mongolia,rnna,Capital stock at constant 2021 national prices (in mil. 2021US$),,,,,,,,,,,,,,,,,,,,,24389.837890625,26415.61328125,28491.330078125,30791.4140625,33148.12109375,35671.91015625,38299.41796875,41034.8515625,44112.44140625,47415.02734375,50236.00390625,54367.75390625,59035.40234375,62694.13671875,66675.140625,70612.4453125,75788.734375,80284.21875,85107.2421875,91149.6015625,89956.140625,94193.421875,96662.9765625,99690,102207.5859375,102415.078125,104757.3359375,107933.6953125,110880.59375,113044.2265625,115474.2421875,116656.1015625,117523.8203125,119446.796875,121182.546875,122926.203125,127077.328125,132039.375,137540.015625,139109.34375,142963.125,153377.421875,165265.28125,174567.484375,179466.015625,178644.984375,178914.09375,182194.8125,189396.3125,198526.4375,203512.28125,211116.484375,220573.671875,230759.203125
MOZ,Mozambique,rgdpna,Real GDP at constant 2021 national prices (in mil. 2021US$),,,,,,,,,,,3369.31201171875,3428.45751953125,3719.16186523438,3795.37182617188,3951.25805664063,4009.24462890625,4062.615234375,4526.1767578125,4730.54345703125,5059.17919921875,4875.65283203125,5240.54736328125,5496.32666015625,5749.82275390625,6109.73974609375,6237.02099609375,6587.4052734375,6575.55224609375,6646.15625,6850.515625,7140.15087890625,7231.69091796875,6957.0693359375,6041.666015625,6224.74658203125,5675.5048828125,5767.044921875,6113.55224609375,6467.4892578125,6969.8310546875,7123.28857421875,7561.23828125,6988.349609375,7752.90625,8252.20703125,8427.392578125,9328.779296875,10430.9697265625,11512.580078125,12873.021484375,12971.6591796875,14638.7353515625,16054.08203125,17212.818359375,18625.080078125,19800.697265625,21763.080078125,23427.81640625,25039.1875,26523.75390625,28295.470703125,30314.0859375,32737.544921875,34888.86328125,37576.203125,40354.25,42249.68359375,43364.31640625,44875.53515625,45915.6640625,45355.71484375,46434.015625,48460.6015625,51095.3359375
MOZ,Mozambique,rnna,Capital stock at constant 2021 national prices (in mil. 2021US$),,,,,,,,,,,9775.5888671875,9818.3798828125,9838.2490234375,9872.267578125,9922.9775390625,10027.046875,10229.0634765625,10381.9814453125,10632.6767578125,10991.927734375,11505.7421875,12049.9990234375,12599.4501953125,13154.5146484375,13739.2626953125,14300.0078125,14891.7314453125,15433.2197265625,15945.068359375,16473.03125,17017.87109375,17522.69140625,17988.888671875,17607.861328125,17491.404296875,17195.6015625,17348.4921875,18098.9765625,18490.609375,19362.7421875,20992.482421875,23097.08984375,24670.298828125,26470.087890625,28677.154296875,31348.37890625,33505.30078125,35960.74609375,39072.0078125,45079.9765625,50091.28125,53867.01953125,58716.1953125,63057.2578125,66718.84375,70355.2890625,74156.5703125,78100.4765625,83834.9609375,89877.953125,96731.984375,106250.9140625,126616.9140625,149534.765625,170758.578125,187136.578125,204064.78125,204104.953125,217076.953125,223553.921875,229237.015625,233400.296875,251763.25,260310.765625
MRT,Mauritania,rgdpna,Real GDP at constant 2021 national prices (in mil. 2021US$),,,,,,,,,,,2565.88403320313,2375.6640625,2603.13500976563,2686.2431640625,4135.78515625,4836.16259765625,4895.1826171875,5306.3037109375,6127.564453125,5988.986328125,6642.7197265625,6687.974609375,6698.7744140625,6643.74853515625,7208.92236328125,7939.17333984375,8468.86328125,8436.4658203125,7805.4658203125,8587.1435546875,8647.3125,8991.8671875,8304.814453125,8511.5478515625,8329.9384765625,8609.1767578125,9109.4541015625,9320.068359375,9433.6201171875,9781.8623046875,9680.2529296875,9957.025390625,10174.6533203125,11056.7275390625,11589.2314453125,11310.5625,12504.6708984375,11998.908203125,12332.2109375,12785.1943359375,12284.267578125,12186.056640625,12354.4052734375,13210.3505859375,13835.5654296875,15020.759765625,17774.544921875,17424.490234375,17366.798828125,17383.798828125,17839.294921875,18583.6875,19414.3828125,20220.23828125,21084.6171875,22218.197265625,22498.34765625,23909.1171875,25050.1015625,25836.92578125,25743.744140625,25934.9453125,27698.521484375,29498.923828125
MRT,Mauritania,rnna,Capital stock at constant 2021 national prices (in mil. 2021US$),,,,,,,,,,,8628.751953125,10312.8232421875,12395.0615234375,13390.025390625,13715.107421875,14028.287109375,14347.525390625,15210.2490234375,16627.623046875,17648.537109375,18798.81640625,19968.16015625,21960.87109375,24309.486328125,26982.443359375,29391.357421875,33090.8828125,36018.6484375,36177.97265625,36875.57421875,37760.015625,38932.4921875,40177.1875,41448.9921875,43382.92578125,45026.25390625,46124.2265625,47034.4375,47457.4375,47622.8046875,47694.7578125,48131.453125,49072.22265625,49686.3671875,50568.41015625,51503.2109375,51759.48046875,51910.58203125,52595.5078125,53309.3671875,54259.9375,55185.296875,57026.61328125,59631.78515625,61911.984375,64392.46875,67288.25,70897.5,73452.3359375,75843.828125,78297.84375,80724.7421875,83634.0234375,86499.234375,89336.5859375,91376.8515625,92930.3671875,95172.3125,98568.46875,102054.453125,104016.1484375,106782.453125,109691.109375,111256.5625
MSR,Montserrat,rgdpna,Real GDP at constant 2021 national prices (in mil. 2021US$),,,,,,,,,,,,,,,,,,,,,85.7464218139648,87.7493896484375,89.2601776123047,91.7216262817383,95.2998733520508,99.7632217407227,98.4882965087891,97.2133636474609,105.085273742676,115.397171020508,125.418365478516,130.547958374023,137.383422851563,129.233642578125,133.397827148438,141.280029296875,145.009567260742,150.263061523438,164.059036254883,169.302108764648,180.893646240234,168.231643676758,168.557662963867,164.255523681641,173.913360595703,158.563430786133,117.008918762207,91.1349945068359,75.2483215332031,69.6342163085938,67.873779296875,67.65966796875,69.2173385620117,69.5545654296875,72.841194152832,75.1214981079102,74.5862197875977,74.9127426147461,78.0816116333008,79.286003112793,73.8154144287109,78.2368392944336,78.3760223388672,79.2057037353516,80.4850311279297,81.4271240234375,82.503044128418,79.3823471069336,82.5512161254883,87.432991027832,99.3323135375977,104.77613067627,107.415077209473,115.246246337891
MSR,Montserrat,rnna,Capital stock at constant 2021 national prices (in mil. 2021US$),,,,,,,,,,,,,,,,,,,,,280.063720703125,291.091247558594,302.713256835938,315.349914550781,327.619415283203,342.235992431641,357.321533203125,365.665557861328,376.534454345703,394.757354736328,414.246612548828,440.004119873047,463.871673583984,475.254333496094,487.368469238281,503.552551269531,524.098266601563,547.481262207031,588.099060058594,687.148315429688,845.1611328125,879.936584472656,910.032104492188,925.52783203125,938.110717773438,939.569213867188,939.585205078125,958.063537597656,987.043090820313,1007.17895507813,1009.38403320313,1008.70306396484,1012.78515625,1023.02038574219,1024.72326660156,1020.95434570313,1010.79455566406,1001.22729492188,993.767150878906,986.195922851563,978.538940429688,970.296325683594,963.201171875,959.743774414063,958.20654296875,947.805297851563,949.538757324219,942.518981933594,937.053833007813,936.603881835938,937.464538574219,945.192993164063,950.157348632813,957.037658691406
MUS,Mauritius,rgdpna,Real GDP at constant 2021 national prices (in mil. 2021US$),2504.72778320313,2640.56420898438,2578.24951171875,2623.37719726563,2502.55810546875,2609.369140625,2643.35034179688,2740.37768554688,2727.79418945313,2803.53515625,2625.4521484375,2891.54370117188,2997.13500976563,3274.50415039063,3311.51049804688,3302.013671875,3210.48583984375,3438.76806640625,2973.6884765625,3102.75415039063,3102.31689453125,3241.0380859375,3501.38623046875,3915.5888671875,4229.744140625,4282.99072265625,5230.7802734375,5573.2724609375,5786.77294921875,5990.26708984375,5387.5703125,5704.486328125,6018.06689453125,6041.1630859375,6329.6201171875,6764.87109375,7423.9072265625,8178.41162109375,8732.4033203125,9130.640625,9783.4970703125,10187.2841796875,10819.6748046875,11364.2109375,11845.875,12369.095703125,13004.279296875,13759.6103515625,14595.255859375,14976.1513671875,16204.6337890625,16747.142578125,17031.333984375,18025.8671875,18806.431640625,19140.865234375,20072.12890625,21221.6796875,22364.927734375,23106.3203125,24117.71484375,25101.103515625,25978.66796875,27213.197265625,28254.033203125,29296.119140625,30428.111328125,31625.341796875,32886.828125,33837.69140625,28915.451171875,29899.67578125,32554.73046875,34818.03125
MUS,Mauritius,rnna,Capital stock at constant 2021 national prices (in mil. 2021US$),5652.92822265625,5941.0283203125,6169.24462890625,6515.89501953125,6743.31298828125,7020.85009765625,7218.87890625,7477.33154296875,7832.16015625,8163.8505859375,8895.4150390625,9348.5751953125,9723.990234375,10124.4404296875,10298.4990234375,10639.7158203125,10666.2451171875,10936.681640625,10997.421875,11197.392578125,11190.8046875,11282.513671875,11430.2861328125,12054.4560546875,12610.8515625,13598.9599609375,14531.560546875,15525.5634765625,16600.2578125,17530.376953125,18124.890625,18605.416015625,18904.5390625,19252.25390625,19672.40234375,20209.908203125,20991.525390625,22115.962890625,23963.8828125,25470.400390625,27491.66015625,29280.294921875,31152.984375,33119.49609375,35422.4765625,37041.73828125,39087.5625,41417.84375,43448.69140625,46345.21875,48697.5,51189.37109375,53596.82421875,56635.93359375,59625.48046875,62369.921875,65984.125,69808.6171875,73593.984375,77915.578125,82074.5703125,86268.171875,90309.09375,93972.2265625,97076.5546875,99731.1328125,102580.703125,105681.203125,109491.140625,113562.328125,115303.71875,117906.671875,121002.875,126359.875
MWI,Malawi,rgdpna,Real GDP at constant 2021 national prices (in mil. 2021US$),,,,,1247.22424316406,1375.20593261719,1403.42126464844,1569.77099609375,1578.95654296875,1406.38513183594,1635.72521972656,1879.29956054688,1715.86340332031,1751.1376953125,1763.49548339844,2252.2392578125,2657.45703125,2621.015625,2745.83251953125,3072.89428710938,3637.98071289063,4161.1416015625,4584.49951171875,4689.97314453125,5039.03466796875,5317.595703125,5648.6025390625,5893.63330078125,6383.6943359375,6596.05419921875,7214.21923828125,6434.419921875,6527.27392578125,6802.3955078125,7068.92041015625,7401.646484375,7552.103515625,7477.3046875,7723.19580078125,8037.0068359375,8420.4580078125,9077.3125,8358.5556640625,9258.7216796875,8185.744140625,8924.275390625,9787.4716796875,10158.6533203125,10280.796875,10408.265625,10572.6708984375,10065.6923828125,10332.943359375,10922.50390625,11514.5556640625,11890.9365234375,12449.8115234375,13644.9921875,14687.4345703125,15910.6201171875,17004.326171875,18724.70703125,19546.07421875,21811.5,24329.568359375,26387.6953125,28455.396484375,31443.337890625,32812.24609375,34688.0625,34963.34765625,36557.078125,37000.15625,37543.203125
MWI,Malawi,rnna,Capital stock at constant 2021 national prices (in mil. 2021US$),,,,,665.776672363281,700.380065917969,737.468200683594,792.546936035156,841.855346679688,840.976135253906,889.218383789063,964.687683105469,994.617858886719,1038.39453125,1053.35034179688,1141.06042480469,1274.62683105469,1360.79284667969,1494.34814453125,1664.21252441406,1957.71447753906,2221.06103515625,2558.513671875,3230.82250976563,3834.11181640625,4719.89892578125,5444.193359375,6182.6884765625,7514.93798828125,8395.9931640625,9055.1806640625,9282.90625,9507.220703125,9719.9453125,9903.80078125,10075.1650390625,10040.517578125,10068.4365234375,10202.8173828125,10427.8828125,10549.8916015625,11047.4609375,11271.958984375,11421.13671875,11336.6005859375,11286.646484375,11224.2216796875,11231.6796875,11203.5576171875,11298.1650390625,11374.59375,11460.2646484375,11389.7001953125,11442.2021484375,11688.3369140625,12236.3564453125,13324.849609375,14584.943359375,16193.8505859375,16811.337890625,17245.1015625,17571.1796875,17947.45703125,18481.478515625,19168.4140625,19958.21484375,20856.794921875,21909.935546875,22966.822265625,24058.591796875,25016.3359375,26412.833984375,29248.951171875,32749.841796875
MYS,Malaysia,rgdpna,Real GDP at constant 2021 national prices (in mil. 2021US$),,,,,,19974.095703125,20948.96484375,21269.912109375,20982.521484375,23126.48828125,24908.861328125,26723.14453125,28362.501953125,30242.884765625,31753.6953125,34096.2265625,36537.40625,37804.10546875,40558.9609375,42603.625,45081.1796875,55419.01953125,60622,67715.4296875,73348.453125,73936.03125,82485.609375,88880.765625,94794.8046875,103657.2578125,111373.75,119105.2578125,126221.2578125,134067.875,144474.109375,142920.296875,144496.625,152285.6875,165684.46875,180894.78125,197192.765625,216015.734375,235208.984375,258482.78125,282294.3125,310041.25,341053.75,366028.28125,339090.6875,359902.78125,391786.09375,393814.28125,415044.75,439069.65625,468853.625,493853.59375,521434.5625,554278.625,581060.0625,572265.5625,614755.375,647300,682729.6875,714775.125,757709.6875,796288.5625,831721.5,880067.4375,922689.6875,963409.9375,910838.0625,940874.625,1022263.1875,1059885.5
MYS,Malaysia,rnna,Capital stock at constant 2021 national prices (in mil. 2021US$),,,,,,50984.10546875,51556.60546875,52409.08984375,53203.5234375,53912.796875,56100.07421875,58623.33203125,61950.19921875,65452.140625,68931.3046875,72890.1484375,77079.6875,81564.65625,86174.859375,90167.7578125,96548.515625,107665.1015625,120356.3359375,135089.40625,153241.203125,168698.96875,184534.515625,203032.859375,222914.203125,247099.515625,278447.84375,315623.65625,354195.78125,394865.78125,434749.03125,466634.75,487228.28125,504538.6875,528107.5,565729.5625,618126.125,685051.6875,758292.875,846785.875,950351.5625,1082474.25,1221952.75,1371837.25,1412740.625,1445193.125,1511946.375,1574704.125,1636063.25,1701002.625,1768553.625,1845415.875,1926295.375,2021489.75,2114925.75,2201213.75,2307528,2421476,2576247,2746272.5,2923039.5,3104790.25,3288805.75,3486282.5,3681222,3861843,3979777.75,4084713.5,4200586.5,4323859.5
NAM,Namibia,rgdpna,Real GDP at constant 2021 national prices (in mil. 2021US$),,,,,,,,,,,3152.4013671875,3200.6015625,3646.20751953125,3891.85717773438,4368.96728515625,4574.3564453125,4868.5361328125,4933.73974609375,5129.6279296875,5503.26123046875,6016.6904296875,6332.2451171875,6457.56201171875,6711.96875,7190.5869140625,7352.138671875,7460.091796875,7463.111328125,7676.75341796875,7968.1513671875,8540.119140625,8623.08203125,8588.75390625,8432.142578125,8412.1669921875,8451.2138671875,8854.10546875,9168.7607421875,9243.31640625,9415.1201171875,9607.890625,10392.4326171875,11139.5810546875,10963.626953125,11153.2841796875,11588.15234375,11957.9677734375,12462.6064453125,12872.82421875,13306.5439453125,13771.234375,13933.4521484375,14600.677734375,15219.716796875,17087.10546875,17519.28515625,18758.453125,19766.54296875,20290.318359375,20350.373046875,21579.3828125,22678.060546875,23825.953125,25163.71484375,26696.81640625,27835.216796875,27844.623046875,27558.587890625,27850.6953125,27616.984375,25379.62109375,26294.2578125,27700.9140625,28853.267578125
NAM,Namibia,rnna,Capital stock at constant 2021 national prices (in mil. 2021US$),,,,,,,,,,,5583.0771484375,6042.1748046875,6550.72021484375,7089.1064453125,7652.47265625,8331.1015625,9197.7001953125,10110.267578125,11095.681640625,12139.1796875,13479.25,14833.9111328125,16143.8076171875,17452.232421875,18850.978515625,20222.666015625,21525.546875,22820.7578125,24099.33984375,25285.111328125,26930.80078125,28209.025390625,28954.552734375,29145.70703125,29122.078125,29159.791015625,29152.53515625,29243.82421875,29517.8984375,29931.04296875,30663.125,30821.978515625,31634.642578125,32516.71875,33494.04296875,34787.06640625,36482.46875,37563.3515625,39300.8046875,41027.8203125,42229.09375,44610.09375,46678.98828125,48189.81640625,49772.12890625,51349.4453125,54089.015625,57320.4375,61462.8203125,66293.0625,70573.7265625,74151.2265625,79801.9296875,86441.9296875,95363.5,103242.078125,106890.6484375,108976.8828125,110492.4453125,111400.796875,111221.0546875,112364.0546875,114202.2265625,120864.7109375
NER,Niger,rgdpna,Real GDP at constant 2021 national prices (in mil. 2021US$),,,,,,,,,,,8082.978515625,8482.576171875,9291.4130859375,10181.5712890625,10070.2998046875,10650.9404296875,10559.7099609375,10667.34765625,10786.537109375,10132.2431640625,10590.1064453125,11191.5517578125,10613.3662109375,8804.0439453125,9576.619140625,9309.1259765625,9372.2607421875,10099.9775390625,11460.7080078125,12279.8037109375,12005.666015625,12078.76953125,12274.8193359375,11691.6494140625,9724.48828125,10475.466796875,10282.548828125,10140.86328125,10759.1689453125,10681.244140625,10599.49609375,10637.9423828125,10660.0654296875,10759.228515625,11046.9033203125,11409.744140625,11990.4150390625,12049.904296875,13581.685546875,13716.662109375,13362.2880859375,14366.84765625,15124.9853515625,15639.1494140625,15510.6708984375,16661.70703125,17498.56640625,17184.08984375,18919.7421875,19035.64453125,20687.9296875,21396.234375,24050.142578125,25277.04296875,27130.8515625,28445.162109375,30078.171875,31582.48828125,33859.83984375,35871.5859375,37145.10546875,37660.35546875,42141.875,43195.421875
NER,Niger,rnna,Capital stock at constant 2021 national prices (in mil. 2021US$),,,,,,,,,,,69657.828125,68257.9921875,67698.1484375,67993.375,67890.078125,67386.15625,66841.21875,66526.609375,66370,65389.62890625,65407.37890625,64864.43359375,64981.8359375,66238.5,67376.96875,67944.6484375,68590.4609375,69577.4375,71356.984375,73834.609375,77389.46875,80038.2109375,80828.2109375,81132.4375,80408.53125,79796.5,79390.234375,79133.0234375,78771.1015625,78605.2421875,78280.3671875,77771.484375,77264.046875,76981.34375,77100.7421875,77048.5390625,77108.7421875,77273.7734375,77678.0390625,77795.921875,78123.2578125,78932.265625,79914.1640625,80667.3046875,81547.5859375,83319.8046875,85214.7421875,86921.6484375,90610.546875,94597.96875,99537.578125,104079.234375,108233.265625,113049.1015625,118327.6796875,124597.015625,129060.2421875,133256.5625,138902.28125,145937.734375,151947.859375,158643.03125,165017.53125,170070.84375
NGA,Nigeria,rgdpna,Real GDP at constant 2021 national prices (in mil. 2021US$),85820.2890625,91046,97126.9609375,99493.0078125,107756.03125,109524.8828125,107826.8203125,110863.75,118375.671875,124103.53125,154294.375,147866.953125,153470.953125,166772.921875,172167.125,164103.984375,155751,131262.90625,132145.96875,155561.671875,186429.9375,212972.953125,228275,242215.828125,268388.375,270260.21875,289457.3125,313391.6875,304307.125,295919.28125,302479.4375,299753.8125,279360.375,248842.8125,246066.671875,260616.671875,260775.5,269120.625,288858.03125,294402.3125,329073.71875,330252.96875,345547.625,338515.3125,332371.5,332130,346065.9375,356230.25,365425.4375,367559.96875,385996.53125,408838.59375,471510.09375,506152.84375,552974.8125,588578,624243,665387.4375,710397.875,767492,841944.1875,883093.1875,920883.1875,970558,1031798.8125,1059168.75,1042042.8125,1050441,1070637.625,1094282.75,1074647.75,1113843.375,1150060.875,1182955.75
NGA,Nigeria,rnna,Capital stock at constant 2021 national prices (in mil. 2021US$),375288.375,403670.375,439545.34375,478157.90625,520549.6875,576193.125,628127.6875,689704.1875,741698.8125,804919.625,866532.4375,939486.375,1005719.625,1079838,1169818.375,1300463.5,1417429.5,1506524.125,1577272.375,1663256.5,1862658.625,2076454.625,2310878.75,2588942.25,2794183.75,3088764.25,3527657.25,4045459,4534534,4932056.5,5352926.5,5842178.5,6195560.5,6427434.5,6527169,6580819,6635594.5,6673739,6725995.5,6794344,6896946.5,6990191,7079091.5,7183652.5,7274204.5,7340189.5,7423190.5,7519777,7617901,7724364.5,7852168.5,7887934,7946099,8061898.5,8093626,8131324.5,8290999,8348293.5,8397740,8479181,8564983,8625162,8694392,8799561,8966574,9138001,9274641,9399214,9573503,9781682,9944910,10090135,10246269,10428547
NIC,Nicaragua,rgdpna,Real GDP at constant 2021 national prices (in mil. 2021US$),5293.29736328125,6031.4501953125,7131.87890625,7428.71435546875,8355.2578125,8654.5224609375,8686.7861328125,9261.517578125,9221.0595703125,9039.0390625,9442.890625,10106.4599609375,11465.703125,12440.09765625,14058.1552734375,15735.59765625,16476.880859375,17483.9921875,17434.501953125,18690.271484375,18879.1015625,19809.638671875,20439.84375,21480.4765625,24209.755859375,24741.607421875,25989.474609375,27622.671875,25646.64453125,18855.724609375,19725.298828125,20783.224609375,20613.556640625,21564.505859375,21226.783203125,20360.33984375,20153.2109375,20010.859375,17519.5234375,17215.04296875,17206.025390625,17173.400390625,17239.796875,17172.462890625,17745.291015625,18794.50390625,19987.11328125,20779.931640625,21551.21484375,23067.5546875,24013.69140625,24724.69921875,24911.107421875,25539.05078125,26895.73046875,28047.509765625,29212.0625,30694.96875,31749.5625,30704.154296875,32058.236328125,34083.25,36297.3515625,38085.7578125,39908.3359375,41820.84765625,43729.19921875,45754.38671875,44215.5,42934.63671875,42180.9140625,46532.21875,48278.32421875,50484.40625
NIC,Nicaragua,rnna,Capital stock at constant 2021 national prices (in mil. 2021US$),12631.626953125,13297.5087890625,14369.8564453125,15615.6962890625,17233.8515625,18809.68359375,20190.408203125,21512.623046875,22739.716796875,24081.384765625,25236.310546875,26540.111328125,28409.42578125,30491.890625,33533.5390625,37106.4296875,41112.0546875,44922.48046875,47861.44140625,51294.7890625,54596.734375,57883.18359375,60412.08984375,64597.578125,70077.203125,74623.109375,79404.875,86138.953125,88225.96875,86703.15625,88215.78125,92578.6484375,95252.59375,98140.53125,101089.84375,104053.3125,106501.78125,108905.375,110492.7109375,111046.515625,111252.4375,111139.4609375,111748.546875,112092.796875,113133.921875,114432.8828125,116379.0703125,118967.96875,121909.7421875,127324.9453125,131472.90625,135032.90625,137966.625,140867.75,144186.125,148186.328125,152218.125,157201.578125,162879.984375,165523.640625,168729.3125,173767.9375,180837.234375,188217.8125,195677.828125,205239.640625,214545.84375,223738.265625,228603.671875,229469.15625,231493.765625,237416.71875,242393.015625,248782.265625
NLD,Netherlands,rgdpna,Real GDP at constant 2021 national prices (in mil. 2021US$),137120.125,140493.09375,142922.96875,156028.484375,167594.890625,180405.671875,188906.921875,194749.078125,192816.96875,202326.828125,222335.515625,228976.703125,239265.953125,247433.140625,270716.625,285865.53125,294098.25,310557.15625,332858.15625,357150.21875,380259.9375,396728.15625,406672.28125,430195.25,448504.0625,449055.8125,470555.03125,479595.6875,490773.875,500696.9375,516974.59375,512923.53125,506559.40625,517044.96875,532875.1875,546624.375,561858.6875,572709.5,592417.6875,618604.0625,644481.0625,660200.25,671463.75,679908.1875,700040.8125,721854,746545.5,778262.375,814434.3125,855508.8125,891609.1875,912326.4375,914568.8125,915463.5625,933922.125,952917.75,986626.0625,1024959.5,1046656,1008293,1021595.625,1039712.0625,1029545,1029233.6875,1045831.1875,1068009.125,1093900.75,1124328,1149723.75,1176168.5,1130674.75,1201645.375,1261814.5,1262755.375
NLD,Netherlands,rnna,Capital stock at constant 2021 national prices (in mil. 2021US$),560173.4375,585762.1875,606770.375,636832.3125,671776.0625,713767.125,761289.875,809231.25,846420.75,890123.9375,940596.125,993682.125,1047690.625,1100300.5,1170027.75,1242103.5,1321022.125,1406162.5,1502555.625,1591719.75,1690831.125,1791466.75,1880020,1969296.25,2045471.5,2115260.5,2182824,2258116.25,2333355.5,2400440.25,2465070,2511663,2553128.25,2596253.5,2647422,2706635.25,2772505,2836498.5,2912537,2989080.25,3065748.5,3139009.25,3211319.25,3275747.25,3340655.25,3413764,3495130.25,3583564,3678825.5,3788139.5,3892580.25,3991816.5,4074330,4149163.75,4221381.5,4298177.5,4387673.5,4509187,4613203.5,4688251,4743043.5,4807642,4852734.5,4891601.5,4922743,5018370.5,5076939,5149610,5229255,5327220.5,5413105.5,5506097.5,5608713,5709448.5
NOR,Norway,rgdpna,Real GDP at constant 2021 national prices (in mil. 2021US$),60427.2265625,61767.05078125,64932.14453125,69447.7109375,72116.7265625,73867.765625,76024.6640625,79143.1328125,80318.5,82730.53125,86314.1640625,91728.9453125,94310.140625,97879.828125,102783.265625,108215.96875,112313.2890625,119340.3046875,122035.484375,127533.3125,130081.9296875,137462.28125,144789.84375,151353.078125,157289.40625,165078.546875,174695.25,181963.828125,189004.671875,197268.890625,206272.734375,209569.671875,210062.84375,218408.640625,231627.578125,244490.796875,254373.390625,258833.8125,258173.484375,260853.953125,265894.40625,274095.75,283893.1875,291970.46875,306730.375,319476.875,335540.03125,353272,362699.71875,370215.03125,382502.25,390409.0625,395787.1875,399527.03125,415566.40625,426724.84375,437228.5625,449969.59375,452138.0625,443365,446854.46875,451795.125,464074.78125,468790.625,478392.0625,487277.46875,492952.875,505098,509284.78125,515008,508425.28125,528298.0625,544176.75,546786.875
NOR,Norway,rnna,Capital stock at constant 2021 national prices (in mil. 2021US$),225044.46875,233050.578125,241560.09375,251514.796875,261777.03125,272375.875,282140.96875,291926.40625,301932.5625,310340.40625,318720.15625,329455.34375,339327.4375,348666.84375,358721.09375,371674.0625,385843.21875,403052.15625,416200.75,426640.6875,444555.90625,467706.375,488498.625,513336.75,540331.3125,571125.9375,606093.375,641441.9375,668488.25,695826.3125,723456.5625,752398.3125,780283.9375,810559.125,840294.1875,865535.4375,893788.0625,921976.75,948664.375,969223.375,982358.0625,995408.5625,1007983.25,1024214.9375,1043588.3125,1064493.875,1090650.625,1125676.125,1169028.75,1204419.5,1233877.125,1261777.625,1287942.625,1312979.375,1344928.625,1385369.125,1432068,1489138.25,1543627.5,1587447.25,1622022.5,1662513.125,1709731.875,1762512.25,1813442.25,1858623.75,1907371.25,1957219.5,2007468.75,2067917.5,2123379,2174866,2232055.25,2290751.75
NPL,Nepal,rgdpna,Real GDP at constant 2021 national prices (in mil. 2021US$),,,,,,,,,,,12939.978515625,13182.044921875,13410.0595703125,13699.0693359375,14757.1103515625,14539.1611328125,15512.625,15183.7568359375,15272.6455078125,16051.4267578125,16609.693359375,16411.4296875,16922.73828125,16841.869140625,17908.833984375,18169.703125,18969.037109375,19541.396484375,20402.130859375,20885.677734375,20401.033203125,22102.765625,22938.279296875,22255.17578125,24409.75,25909.73046875,27092.677734375,27552.0625,29673.248046875,30957.416015625,32392.30859375,34454.5390625,35869.96484375,37249.7890625,40311.4375,41709.62109375,43935.94921875,46247.15625,47608,49742.609375,52784.5703125,55755.5546875,56574.39453125,59598.65234375,63229.9375,66311.2890625,69465.8125,72803.453125,78288.53125,82939.9296875,88105.8515625,92143.8125,96447.0625,99846.96875,105849.296875,110057.875,110534.6015625,120457.59375,129639.28125,138269.484375,134993.03125,141524.203125,149493.828125,152412.75
NPL,Nepal,rnna,Capital stock at constant 2021 national prices (in mil. 2021US$),,,,,,,,,,,7710.513671875,7925.4697265625,8169.8291015625,8523.560546875,9269.732421875,9853.0625,10293.9892578125,10783.3017578125,11295.6787109375,11689.5634765625,12351.9130859375,13280.8623046875,14143.318359375,15280.7763671875,16401.712890625,18371.234375,20459.080078125,22709.490234375,25379.515625,27597.109375,29876.390625,32329.150390625,35280.109375,38423.39453125,41362.4140625,45124.7109375,48234.03515625,51685.015625,55514.14453125,58944.265625,61900.44921875,65940.0625,70426.5546875,75841.3671875,81727.015625,88209.9765625,95273.328125,102317.4140625,109515.6328125,115624.5078125,122290.96875,130136.4140625,138124.140625,146590.796875,155393.359375,164127.3125,174366.78125,185406.625,196812.609375,208174.578125,222243.09375,235875.625,249373.59375,264267.59375,281625.75,302435.09375,324394.90625,353169,385666.6875,421986.28125,451975.0625,485373.5625,519250.21875,546331
NZL,New Zealand,rgdpna,Real GDP at constant 2021 national prices (in mil. 2021US$),30486.548828125,29910.55859375,29907.884765625,30544.080078125,34144.85546875,35522.05859375,36023.5390625,37902.109375,38153.05078125,39616.109375,45901.046875,48307.7421875,49313.8046875,52450.87109375,55171.63671875,59005.22265625,62724.69140625,59368.4296875,59163.96875,64966.0078125,64679.78125,67128.203125,70564.5703125,76068.796875,80627.9375,79231.7109375,79967.6328125,76819.84375,77064.1796875,78753.2734375,79764.6875,83477.4609375,84253.9140625,87196.203125,91375.5234375,92850.9296875,89495.71875,91123.515625,93060.359375,93480.9296875,94105.828125,92605.7421875,93821.484375,99886.5625,105682.609375,109860.21875,113612.171875,117200.6484375,118659.03125,124814.3515625,127648.5390625,132600.875,139297.671875,145805.46875,150531.359375,155325.375,158875.53125,164930.390625,162118.359375,165424.1875,166943.015625,171298.5625,175731.578125,179275.796875,185796.359375,193688.453125,201116.546875,209798.71875,217913.03125,223309.78125,223460.484375,233868.359375,240093.46875,241854.109375
NZL,New Zealand,rnna,Capital stock at constant 2021 national prices (in mil. 2021US$),57280.44921875,60577.140625,63445.8125,65667.3984375,70105.4140625,74073.171875,77524.0078125,81362.7578125,84949.3359375,88552.421875,92429.6640625,96892.796875,100683.8515625,105124.3203125,110771.09375,118000.5078125,125698.7890625,130429.9609375,133248.484375,138185.109375,143061,149116.921875,156638.421875,164777.625,173742.375,181612.875,188196.765625,192819.5625,197113.953125,200266.5625,203981.09375,209854.171875,216112.765625,223383.65625,231444.734375,240487.796875,248510.359375,256919.40625,264294.09375,272115.25,278878.71875,282354.25,286232.21875,292726.65625,301599.53125,312022.28125,322797,333166.96875,342165.6875,353088.09375,363208.125,374910.53125,387885.53125,403946.3125,421278.96875,439062.96875,455095,472601.375,486612.09375,496847.5,507669.9375,519665.3125,532750.0625,547969.875,565233.1875,582916.6875,600555.375,619907.75,640527.8125,661301.5625,680507.25,703719.4375,727229.3125,748664.75
OMN,Oman,rgdpna,Real GDP at constant 2021 national prices (in mil. 2021US$),,,,,,,,,,,,,,,,,,,,,10028.8828125,10131.05859375,11066.3525390625,9518.0068359375,12205.998046875,15695.671875,18202.89453125,21414.541015625,25195.61328125,26275.919921875,27864.44921875,32716.203125,36506.04296875,41221.83203125,46953.05859375,53770.30078125,54921.7109375,52730.76171875,55496.5546875,57152.2421875,61942.03125,65681.96875,71270.34375,75641.9140625,80723.3515625,86963,91957.171875,100339.5546875,104100.171875,104410.109375,110875.7578125,115990.109375,115080.6484375,112555.03125,114797.6171875,117988.6015625,123498.4921875,129649.2421875,141253.140625,149702.71875,153403.609375,157843.75,171834.078125,180816.625,183153.125,192342.5,202048.484375,202662.9375,205271.71875,202954.640625,196095.359375,201159.015625,217222.984375,219801.71875
OMN,Oman,rnna,Capital stock at constant 2021 national prices (in mil. 2021US$),,,,,,,,,,,,,,,,,,,,,50675.94140625,53465.22265625,56644.85546875,59044.6171875,62628.68359375,67667.8203125,73609.90625,80784.359375,89229.46875,97586.125,106283.8984375,116691.8046875,129293.046875,141794.796875,155813.78125,174383.5,188548.34375,193787.5,197131.28125,200708.203125,204514.34375,210014.09375,217737.625,226948.734375,234830.5,243032.046875,251112.15625,265607.34375,285628.40625,299277.4375,308557.59375,319540.875,332526.90625,350174.53125,373364.53125,401356.90625,429182.125,470516.78125,530332,585253,631549.375,685190.25,744831.5,811947.125,879560.3125,947612.6875,1032052.5,1110327.375,1188483.75,1253726.75,1321358,1370707.75,1422229,1476908.375
PAK,Pakistan,rgdpna,Real GDP at constant 2021 national prices (in mil. 2021US$),40280.671875,40823.78125,41911.265625,45791.296875,45402.921875,45715.3046875,48082.875,48699.18359375,49989.546875,51674.18359375,52626.50390625,55603.58203125,59143.66015625,63626.95703125,68001.1953125,74208.859375,79880.046875,83190.1953125,87779.625,94508.9921875,105135.1015625,106765.1796875,108318.609375,115416.625,121556.671875,125482.9765625,131263.390625,136250.875,147154.359375,154225.859375,167643.734375,179254.65625,190973.390625,203918.328125,214247.1875,230513.09375,243195.109375,258886.875,278627.75,292447.03125,305486.03125,320948.40625,345678.46875,351756.5625,364903.15625,383011.90625,419779.4375,443260.5625,475171.5,514892.75,561163.6875,581653.6875,596746.5,628978.6875,678235.5625,727587.9375,771618.875,805916,823004.875,851584.1875,864372.5,887538.75,914409.75,954340.75,993625.5,1035536.125,1103610.5,1152529.375,1223429.625,1253986.5,1238009.625,1318652.125,1381519.375,1381452.25
PAK,Pakistan,rnna,Capital stock at constant 2021 national prices (in mil. 2021US$),39391.7265625,41209.02734375,43588.47265625,46520.01953125,49400.55859375,52454.4140625,54933.421875,58359.80859375,61928.40625,66154.4765625,74731.2265625,84420.7109375,95481.84375,109982.09375,125374.28125,144248.203125,159440.984375,173612.109375,184016.875,192925.8125,206542.84375,218398.6875,228241.828125,237870.40625,249202.09375,260088.59375,280253.21875,301110,319990.28125,336132.125,351721.1875,364860.15625,380031.25,397705.28125,416118.28125,437865.34375,460393.75,483510.4375,503787.15625,526359.75,549910.9375,572125.0625,600271.9375,628515.5625,653576.5625,679484.625,711344.375,741490.8125,771870.75,800408.6875,837203.375,876089.625,909414.8125,950869.875,1001917.1875,1062968.75,1147123.375,1229183,1313318.625,1386139,1443517.125,1484785,1527533.375,1569915.375,1613361.625,1673811.5,1744765.125,1823584.75,1916122.625,1974503.5,2013982.875,2057290.125,2103525.75,2112944.5
PAN,Panama,rgdpna,Real GDP at constant 2021 national prices (in mil. 2021US$),3248.02221679688,3219.201171875,3392.12817382813,3598.88891601563,3727.95776367188,3943.48999023438,4148.9970703125,4582.568359375,4618.908203125,4914.63818359375,5210.369140625,5775.51513671875,6251.69091796875,6785.50927734375,7086.25244140625,7735.35498046875,8321.8037109375,9033.560546875,9663.8671875,10479.6318359375,12735.203125,13958.2236328125,14602.314453125,15391.763671875,15765.1865234375,16017.0576171875,16278.955078125,16460.65234375,18074.640625,18885.392578125,21758.740234375,23700.275390625,24613.39453125,24238.361328125,24760.14453125,26017.427734375,27178.625,28000.3125,25161.380859375,25554.462890625,27624.115234375,30226.03515625,32705.076171875,34489.3828125,35472.3828125,36093.7421875,37108.19140625,39507.41015625,42408.6171875,44067.01953125,45266.4296875,45525.1875,46539.890625,48497.25,52145.25,55895.15625,60661.76171875,68009.515625,74955.6171875,76134.5078125,80834.078125,90272.4453125,99422.84375,106632.6640625,112400.28125,119230.96875,125544.6171875,132995.984375,138346.671875,142887.015625,117641.203125,136270.671875,151000.609375,162048.984375
PAN,Panama,rnna,Capital stock at constant 2021 national prices (in mil. 2021US$),6099.34423828125,6360.21044921875,6632.22119140625,7136.24951171875,7487.6181640625,7921.72265625,8499.8232421875,9073.4375,9739.8076171875,10509.55078125,11147.435546875,12042.28125,13066.6923828125,14229.130859375,15190.744140625,16316.6826171875,17962.390625,19647.291015625,21571.67578125,23797.482421875,27103.103515625,30860.0703125,35586.23828125,40078.28515625,43711.80859375,47601.0390625,51486.75390625,53158.66796875,55830.01171875,58339.375,61846.82421875,66651.984375,71501.0234375,73915.96875,75613.6875,77088.46875,79694.3671875,82813.9765625,81878.484375,80097.1875,79298.234375,80971.3515625,84627.5625,90964.5390625,97417.1953125,104335.3203125,110544.171875,117186.5234375,125324.8984375,134417.953125,141943.578125,145375.15625,148182.734375,153648.25,160240.5625,167605.953125,177196.9375,193924,215625.5625,235656.9375,258562.046875,286708.25,324284.4375,372217.71875,424969.8125,481424.09375,538378.375,599424.875,659140,715883.375,732217.9375,762250.6875,803641.625,859836.4375
PER,Peru,rgdpna,Real GDP at constant 2021 national prices (in mil. 2021US$),34803.93359375,37653.52734375,40002.125,42136.8125,44855.33203125,46997.65625,49013.32421875,52322.50390625,52025.36328125,53938.09765625,60503.796875,64969.78515625,70399.1796875,73001.09375,77820.125,81660.0625,88522.09375,91873.890625,92199.984375,95670.8125,101269.8828125,105918.71875,109602.078125,116481.734375,127415.6875,132895.65625,134818.796875,135289.40625,131714.375,137102.484375,145250.953125,153315.34375,152973.875,137052.203125,141997.453125,144924.203125,158584.703125,174008.90625,157580.25,138178.890625,131294.046875,134207.796875,133482.390625,140481.640625,157772.640625,169465.796875,174209.09375,185492.3125,184766.03125,187528.125,192580.8125,193770.78125,204338.125,212848.84375,223402.328125,237443.296875,255320.1875,277069.3125,302356.25,305669.53125,331139.34375,352091.15625,373708.59375,395579.90625,405003.3125,418174.96875,434706.78125,445656.3125,463345.96875,473727.84375,421933.75,478283.96875,491319.59375,488616.46875
PER,Peru,rnna,Capital stock at constant 2021 national prices (in mil. 2021US$),72489.90625,80270.9765625,88611.359375,97025.5,102867.8515625,110074.7578125,119140.578125,129392.03125,136622.125,141108.8125,148237.859375,155563.78125,163829.46875,170948.8125,178340.453125,186953.578125,198704.25,208895.671875,212690.765625,217536.09375,223465.53125,231961.765625,238739.25,254852.09375,279658.5,301304.9375,315645.03125,324859.03125,331448.90625,343081,367001.625,398966,424407.40625,430703.65625,435262.84375,436062.34375,446335.125,465018.1875,477973.15625,480663.75,483632.65625,490478.59375,499556,513169.5,539402.0625,572993.125,603844.75,641876.5625,677592.9375,705034.75,728714.6875,747611.8125,766828.375,788982,814781.625,846175.25,887886.3125,943838.5,1019967.75,1087148.875,1173913,1267724.375,1376378.75,1487837.75,1590777.5,1677864.5,1754756.25,1830841.25,1912172,1995610,2050502.625,2149082.25,2245606.5,2327965.5
PHL,Philippines,rgdpna,Real GDP at constant 2021 national prices (in mil. 2021US$),45417.96484375,50198.796875,53386.0234375,58166.86328125,62549.30078125,66931.734375,71712.578125,75298.1953125,78087.0234375,83266.2578125,84461.4765625,89242.3046875,93624.7421875,99999.1953125,103584.828125,109162.46875,113943.3046875,119919.3515625,125895.3984375,131871.453125,136652.296875,144016.5,151837.140625,165171.5,170778.40625,180087.734375,195896.5625,206794.21875,217531.765625,229703.90625,241650.15625,249919.9375,259162.984375,264079.1875,245489.640625,228653.03125,236680.328125,247003.875,263545.5625,279843,288469.65625,287210.78125,288410.21875,294703.0625,307592.40625,321819.21875,340678.96875,358347.96875,356505.71875,368436.03125,384582.78125,396309.5625,411037.40625,431946.53125,460322.0625,483073.53125,508755.71875,541923,565466.75,573656.5625,615731.4375,639487.75,683592.9375,729739.0625,776062.875,825329.6875,884336.3125,945629.5,1005596.5,1067124.125,965552.125,1020730.875,1098112.25,1159012
PHL,Philippines,rnna,Capital stock at constant 2021 national prices (in mil. 2021US$),95670.140625,101070.96875,105934.640625,112974.09375,120733.4609375,128645.9375,135774.71875,144740.6875,153184.9375,163164.34375,170747.671875,180481.125,189606.890625,201619.765625,215265.21875,229643.140625,243357.65625,259002.5,273920.96875,289248.4375,302261.84375,316847.9375,331025.375,345630.71875,364635.90625,393897.78125,430646.53125,466970.9375,505985.6875,550332.0625,598669.5625,653874.375,710716.75,772513.625,800477.375,802065.1875,806125.8125,815902.5625,836183.625,870623.9375,914828.625,943901.625,976158.125,1014623.75,1056984.25,1102221.5,1156417.75,1220719.25,1266595,1304015.625,1353212.375,1394382.875,1438285.875,1496990.75,1559137.5,1617175,1679301.125,1754317.25,1839130.75,1924186.25,2040067.625,2140090.25,2259451,2398919.25,2551761,2732495.5,2963657,3217270.75,3504728.5,3793039.75,3943967.25,4124357.75,4335171,4571109
POL,Poland,rgdpna,Real GDP at constant 2021 national prices (in mil. 2021US$),,,,,,,,,,,,,,,,,,,,,276808.375,297334.03125,311243.9375,324259.28125,347316.59375,367951.90625,397114.34375,425255.25,448220.15625,465463.78125,437535.875,393907.96875,375130.46875,396002.09375,418339.625,433557,451876.34375,460723.4375,479764,480533.28125,473459.03125,440243.09375,451315.15625,468186.71875,492966.90625,527237.25,559366.5,594936.0625,622431.625,651680.875,682025.3125,690439.75,703566.375,728355.625,765434.75,790394.25,839415.25,896163.5625,935449.3125,959912.5,990331.4375,1042377.875,1058136.375,1065376.5,1107144.75,1156210.875,1191257.75,1252636.625,1330874.75,1391834.75,1363503,1457955.25,1534577.625,1536708
POL,Poland,rnna,Capital stock at constant 2021 national prices (in mil. 2021US$),,,,,,,,,,,,,,,,,,,,,289041.375,322011.96875,355046.46875,387968.84375,422578.78125,459486.6875,498955.625,539924.5625,581843.125,624295.125,669495.6875,698396.75,718172,742042.625,770685.625,800867.3125,832376.8125,864476.75,898259.125,928289.8125,956242.6875,980845.1875,1006207.9375,1032798.9375,1065168.5,1108363.375,1166052.625,1242130.75,1330127.75,1421205,1508784.125,1573777.875,1626506.375,1678723.125,1739104.125,1807825.625,1896526.875,2010788.125,2133195.25,2243498.5,2338872.75,2452926.75,2556356.5,2655219.5,2776308.25,2907773.5,3011843.75,3114414,3245288.5,3387183.25,3510477.25,3630236,3749911.5,3905615.5
PRT,Portugal,rgdpna,Real GDP at constant 2021 national prices (in mil. 2021US$),35571.109375,38848.00390625,40429.79296875,42557.02734375,44455.765625,46262.4609375,48406.66796875,50766.04296875,51162.171875,54058.41015625,58026.83203125,62070.7109375,65573.5,69354.28125,72941.6171875,78096.34375,80611.125,86327.3984375,97463.6171875,100259.203125,107602.0078125,114737.796875,123934.828125,137816.359375,139391.421875,133331.1875,142531.34375,150516.796875,154755.3125,163481.859375,170984.59375,173751.3125,177461.546875,177154.34375,173823.875,178703.875,186103.921875,197979.953125,212806.875,226513,235461.453125,245746.890625,248424.234375,243348.25,245696.140625,256218.78125,265197.625,276868.625,290180.375,301516.46875,313022.875,319107,321567.09375,318574.84375,324273.3125,326808.65625,332119.375,340444.25,341531.09375,330868.21875,336617.46875,330849.4375,317447.03125,314323.03125,316653.40625,321687.53125,328134.625,339011.375,348999.59375,358582.03125,329161.6875,347459,371731.875,381122.90625
PRT,Portugal,rnna,Capital stock at constant 2021 national prices (in mil. 2021US$),152027.1875,158014.375,165125.625,174288.859375,183145.53125,190524.296875,199198.078125,211687.578125,223038.09375,234610.296875,251600.921875,272822.875,290646.71875,311634.3125,334753.59375,362394.25,389382.28125,414925.75,441244.0625,466646.3125,505833.25,548845.75,598231.75,652004.8125,698091.0625,734261.75,769298.3125,810880.75,855914.25,898291.6875,946562.0625,996855.9375,1046720.5,1088637,1115274.875,1139492.375,1170701.625,1213773.25,1267357.625,1321707.25,1379811.25,1436612.75,1493737.625,1541887.75,1590631,1644104.375,1701670.875,1772997.375,1856171.5,1942887.25,2031080.375,2115784,2190800.25,2251682,2310761.25,2367710,2421008.75,2475889.75,2527901.5,2566296.25,2601381.25,2619705.25,2620083,2616442,2615452.25,2620029.75,2626618.5,2643834,2665070.75,2689925,2710022.5,2738337.75,2769931.25,2804013
PRY,Paraguay,rgdpna,Real GDP at constant 2021 national prices (in mil. 2021US$),,5932.74072265625,5975.92626953125,5857.58837890625,6222.615234375,6607.41162109375,6719.357421875,7077.90234375,7455.318359375,7477.39306640625,7767.447265625,8293.4287109375,8086.38623046875,8372.1318359375,8570.1630859375,9219.9873046875,9188.39453125,10003.138671875,10138.904296875,10596.2451171875,11302.5576171875,11946.796875,12747.2255859375,13703.2685546875,14868.0498046875,15938.56640625,17094.583984375,18963.69140625,21116.091796875,23514.23828125,26204.5546875,28488.458984375,28208.267578125,27362.02734375,28203.13671875,29322.68359375,29325.16796875,30594.244140625,32539.435546875,34425.99609375,35490.6171875,36366.71484375,37021.3203125,38554.70703125,39747.65234375,41909.2578125,42083.62890625,43340.3046875,43595.84765625,42943.4609375,41515.421875,42366.65234375,48733.75390625,50839.4140625,52902.18359375,54030.84765625,56628.17578125,59698.34375,63576.51953125,63410.49609375,70446.03125,73465.6171875,72945.4453125,78994.8671875,83182.578125,85642.4140625,89297.65625,93592.9375,96591.890625,96203.7265625,95415.0625,99247.640625,99422.3515625,104109.2421875
PRY,Paraguay,rnna,Capital stock at constant 2021 national prices (in mil. 2021US$),,10811.0595703125,11475.1748046875,12371.9189453125,12996.9931640625,13387.39453125,13697.2255859375,14671.2421875,15566.2587890625,16207.919921875,17087.53515625,18001.673828125,18512.7265625,19152.3203125,19599.23046875,20742.962890625,22018.73828125,23619.421875,24980.1953125,26451.673828125,27841.681640625,29429.48828125,31324.923828125,34185.56640625,37478.5703125,40380.52734375,44869.52734375,50334.75,57144.2109375,65443.73046875,75771.734375,88014.9765625,96909.890625,103284.0703125,109692.8984375,115936.9609375,122471.25,129456.3203125,136724.265625,145008.515625,154083.734375,163615.03125,171589.234375,179576.984375,187869.78125,196148.15625,203696.390625,210860.5625,215560.71875,218774.96875,222024,224806.265625,227579.625,232134.625,237227.375,242498.03125,248096.578125,255036.125,264396.78125,272278.59375,284873.4375,297439.40625,307905.375,320416.46875,334742.625,348597.78125,363003.1875,378540.25,395076.875,409098.625,424055,443667.28125,461860,478213.375
PSE,State of Palestine,rgdpna,Real GDP at constant 2021 national prices (in mil. 2021US$),,,,,,,,,,,,,,,,,,,,,2550.98388671875,2905.427734375,3397.8427734375,3265.2236328125,3984.81616210938,4029.41870117188,4644.93798828125,4597.65869140625,5188.4970703125,5106.42822265625,5851.8896484375,5486.14697265625,5957.7470703125,5730.27294921875,6018.40771484375,5980.048828125,7135.26171875,6947.3349609375,6850.9931640625,7002.642578125,8331.806640625,7980.93115234375,9886.9580078125,10933.6376953125,12683.0205078125,13585.8623046875,13750.9501953125,15767.833984375,18028.02734375,19520.826171875,17850.587890625,16188.5849609375,14166.7607421875,16152.35546875,19693.798828125,21917.35546875,21698.935546875,22520.953125,24194.07421875,26273.193359375,27791.08984375,30459.2578125,32316.1953125,33834.59375,33781.1796875,35038.28125,38144.2890625,38685.6953125,39160.40234375,39694.03515625,35201.2734375,37669.5859375,39207.546875,37047.6796875
PSE,State of Palestine,rnna,Capital stock at constant 2021 national prices (in mil. 2021US$),,,,,,,,,,,,,,,,,,,,,7881.40869140625,8112.470703125,8775.1796875,9396.0205078125,10565.833984375,11465.931640625,12648.6826171875,13806.8076171875,15341.4638671875,16762.595703125,18731.66796875,20131.3984375,21794.494140625,23248.552734375,24595.841796875,26049.708984375,28041.3046875,29730.359375,31340.388671875,32963.08203125,35071.4765625,36982.9921875,39512.12890625,42340.60546875,45825.5703125,49110.48046875,52335.96875,55988.08984375,60317.34765625,66706.0859375,70654.1875,73251.390625,75011.6796875,77910.765625,80592.1640625,83644.546875,86202.078125,87551.3984375,90186.9921875,93652.84375,96570.5078125,100700.296875,106136.5234375,111573.6953125,116362.953125,122212.9375,128936.5,136202.640625,143568.53125,150434.875,154736.046875,160232.21875,166864.78125,172904.1875
QAT,Qatar,rgdpna,Real GDP at constant 2021 national prices (in mil. 2021US$),,,,,,,,,,,,,,,,,,,,,18093.947265625,19904.759765625,22110.0859375,24494.63671875,25949.189453125,27474.77734375,29768.623046875,27593.896484375,30039.64453125,31610.03515625,31288.74609375,31570.646484375,29400.326171875,28863.720703125,30208.119140625,29567.65625,31145.3203125,31159.3359375,32999.12109375,35052.3984375,36249.24609375,35646.69921875,39685.6640625,39159.76953125,39715.3359375,40668.19921875,42446.98828125,55186.1953125,61377.34375,64006.7890625,69145.3359375,71840.71875,77000.6953125,79865.0546875,95213.921875,102347.1171875,129132.546875,152358.453125,179269.5625,200704.140625,234285.484375,264792.15625,277316.875,292724.71875,308339.5625,322996.03125,332893.25,327907.84375,331957.0625,334241.75,322350.75,327594.90625,341304.78125,345356.625
QAT,Qatar,rnna,Capital stock at constant 2021 national prices (in mil. 2021US$),,,,,,,,,,,,,,,,,,,,,17045.013671875,20405.443359375,24029.2265625,27763.5234375,31833.498046875,35971.6640625,39436.6484375,44036.078125,48070.14453125,50946.4765625,52987.3046875,55439.921875,59143.91015625,60218.76171875,60980.9921875,61939.18359375,62039.0703125,61989.05859375,62555.8359375,63468.49609375,65066.515625,66494.21875,68730.1171875,69810.140625,72040.8671875,77436.5234375,84089.984375,93597.8359375,100162.0390625,102587.703125,109289.4765625,121395.3046875,132741.734375,156847.0625,179830,207102.5625,261845.1875,336632.71875,418264.3125,491115.71875,554169.4375,654179.8125,748270.25,837019.625,930836.8125,1025795.9375,1156482.875,1264241.375,1380681.25,1495486.375,1584377.75,1681213,1804194.625,1958647.375
ROU,Romania,rgdpna,Real GDP at constant 2021 national prices (in mil. 2021US$),,,,,,,,,,,52897.51953125,61018.45703125,65565.4296875,73057.7890625,76214.890625,83397.9765625,88383.0078125,100116.265625,106932.3828125,114296.125,124135.609375,140273.234375,155169.515625,171307.140625,192410.203125,212271.890625,235857.65625,255719.359375,274339.6875,291718.6875,304132.25,304473.9375,316483,335619.4375,355659.71875,355311.03125,363613.5,366648.6875,364826.5,343711.71875,324409.71875,282501.75,257734.328125,261674.65625,271963.5625,291376.90625,302763.03125,288081.84375,282234.34375,281171.25,288091.5625,303124.6875,320411.78125,327913.125,362108.25,379012.0625,409442.1875,439060.46875,479925.90625,453449.71875,435738.9375,455327.96875,463995.65625,465289.09375,484440.34375,499734.28125,514026.4375,556153.3125,590195.125,613350,590813.1875,623578,648304.75,663891.6875
ROU,Romania,rnna,Capital stock at constant 2021 national prices (in mil. 2021US$),,,,,,,,,,,92546.84375,98645.6640625,104558.9140625,112968.375,119469.953125,126366.34375,134038.8125,144630.390625,155264.546875,166117.921875,178503.1875,193175.78125,209815.046875,227284.671875,250881.328125,280127.5625,306809.28125,346752.3125,393924.5625,439077.09375,485425.90625,522413.9375,554400.5,587894.5625,625422.25,662812.6875,699065.6875,731735.375,760732.4375,787826.25,785846.4375,768582.8125,755254.6875,744755.25,743087.75,747879.1875,758378.375,768506.1875,776509.625,784540,796638.375,815009.875,836403.8125,863099.875,895300.25,934656.875,996212.5,1111331.5,1244447.375,1299494.875,1349353.125,1410237,1473636.875,1525817.5,1584354.75,1649739.25,1711110.75,1780354.125,1845279,1935230.625,2021194.75,2114499.5,2217984,2350970.5
RUS,Russian Federation,rgdpna,Real GDP at constant 2021 national prices (in mil. 2021US$),,,,,,,,,,,,,,,,,,,,,,,,,,,,,,,,,,,,,,,,,4259858,4046870,3460067,3159041.25,2757843.25,2644771.5,2549354.5,2584564.5,2446423,2601797.75,2863165.75,3008932.75,3151670,3381611.25,3624274.25,3855364.25,4169709.25,4525597.5,4763098.5,4390582,4588321.5,4770600.5,4962573.5,5049688,5086867,4986515.5,4996174.5,5087440,5230210,5345176,5203332.5,5514912,5448664,5643976.5
RUS,Russian Federation,rnna,Capital stock at constant 2021 national prices (in mil. 2021US$),,,,,,,,,,,,,,,,,,,,,,,,,,,,,,,,,,,,,,,,,37380040,38893240,39074000,38792552,38239248,37700600,37056436,36438964,35782108,35187632,34752908,34433384,34152712,34005056,33976788,34039032,34261632,34687272,35209908,35464172,35775948,36158892,36590680,37013888,37359784,37526296,37716004,37973636,38231836,38493524,38671908,38930708,39284384,39794260
RWA,Rwanda,rgdpna,Real GDP at constant 2021 national prices (in mil. 2021US$),,,,,,,,,,,2855.97509765625,2748.96533203125,2909.396484375,2626.87182617188,2327.53540039063,2419.57202148438,2430.87768554688,2719.67016601563,2789.22216796875,3136.89575195313,3301.01684570313,3340.859375,3349.71337890625,3464.81372070313,3492.8505859375,3419.01806640625,4085.8828125,4297.21044921875,4719.205078125,5161.67138671875,5623.72412109375,5929.44140625,6036.814453125,6397.68310546875,6126.294921875,6396.20947265625,6684.5361328125,6693.74169921875,6696.31982421875,6913.94580078125,6748.06005859375,6501.6005859375,6933.72802734375,6335.5185546875,3243.00170898438,4330.14111328125,5191.39404296875,6194.505859375,7059.57470703125,7844.13623046875,8501.2958984375,9223.033203125,10438.5888671875,10670.3046875,11464.21484375,12539.22265625,13694,14742.4189453125,16387.216796875,17409.044921875,18685.37890625,20174.435546875,21917.998046875,22951.220703125,24368.10546875,26525.716796875,28109.73828125,29226.52734375,31718.41796875,34711.73046875,33541.75390625,37184.625,40215.91796875,43532.109375
RWA,Rwanda,rnna,Capital stock at constant 2021 national prices (in mil. 2021US$),,,,,,,,,,,778.487121582031,823.004638671875,890.452941894531,936.768127441406,971.204650878906,1025.6376953125,1081.87194824219,1112.47985839844,1162.47863769531,1198.64416503906,1247.65856933594,1330.36743164063,1461.75793457031,1583.00817871094,1726.81079101563,1945.04370117188,2150.07397460938,2351.84375,2530.73046875,2776.40795898438,2938.24951171875,3192.96166992188,3595.8193359375,4068.83715820313,4677.91943359375,5254.5771484375,5834.45654296875,6378.3525390625,6884.70556640625,7244.51220703125,7514.6455078125,7710.7685546875,8079.06591796875,8393.576171875,8126.5546875,8092.45849609375,8190.03759765625,8375.8251953125,8637.9033203125,9047.8125,9593.35546875,10131.048828125,10736.337890625,11433.3515625,12257.0576171875,13278.6689453125,14643.1240234375,16482.759765625,19032.337890625,21529.6875,24108.669921875,26911.30859375,30457.61328125,34202.2578125,38062.21875,42837.8671875,48084.76171875,52347.19140625,56786.97265625,63146.12890625,68673.3984375,75328.2578125,81312.671875,88309.546875
SAU,Saudi Arabia,rgdpna,Real GDP at constant 2021 national prices (in mil. 2021US$),,,,,,,,,,,,,,,,,,,,,336723.09375,388003.15625,460889.625,564567.625,655460.8125,619488.0625,713796.5,755848.9375,757151.5,840165,888874.5625,915387.75,767926.9375,683505.125,656113.875,608796.1875,614933.6875,595667.875,634984,637620.375,697723.125,755081.1875,789668.4375,792667.875,800221.6875,802715.75,829243.0625,851195.8125,875061.5625,869518.9375,910544.375,913682.0625,907392.125,986959.125,1072143.25,1135881.125,1173518.75,1199495.875,1274320.75,1260727.375,1324261.75,1469847.875,1549350.625,1588623.5,1649172.5,1723534.625,1756014.625,1772012.75,1828703.375,1848777.625,1782563,1873030.125,2013244.625,1998046.625
SAU,Saudi Arabia,rnna,Capital stock at constant 2021 national prices (in mil. 2021US$),,,,,,,,,,,,,,,,,,,,,237854.390625,253658.59375,276749.15625,311838.75,331700.5625,391171.875,478277.09375,590917.375,720354.3125,826408.5,908244.625,995170,1081605.75,1160002.5,1217890.25,1250398.125,1290319.875,1324932.5,1350378.125,1376470.125,1416057.875,1475818.125,1540800,1614689.75,1662048.625,1716852.625,1761933.25,1813613.75,1876096.875,1946754.5,2020301.5,2094514.625,2168374.5,2264752.5,2400691.25,2583294.5,2813739.25,3103776.5,3426602.75,3710895,4023930,4394679,4772072.5,5167392.5,5596077.5,6039331.5,6353098,6653178.5,6947060,7258971.5,7482463,7761615.5,8170460.5,8597861
SDN,Sudan,rgdpna,Real GDP at constant 2021 national prices (in mil. 2021US$),,,,,,,,,,,,,,,,,,,,,18844.0859375,19390.39453125,18744.744140625,19632.6484375,22162.3125,25274.99609375,29544.439453125,31629.73828125,30023.08203125,28902.005859375,29577.6328125,31637.99609375,31688.98046875,30486.439453125,28881.251953125,30369.474609375,34532.1640625,34459.9921875,37425.33203125,35901.5703125,38099.30859375,41108.63671875,43747.16796875,43744.953125,46132.2421875,48710.171875,51773.1328125,56350.94140625,61940.18359375,62312.14453125,63930.30078125,71620.546875,76728.9296875,81039.5,83688.5,94832.0078125,100416.625,102747.90625,102027.7890625,110688.6796875,119911.4609375,116553.9375,117359.328125,125336.125,134163.640625,139543.15625,144531.796875,151287.34375,155549.78125,157530.28125,151812.234375,148975.609375,147548.6875,129773.828125
SDN,Sudan,rnna,Capital stock at constant 2021 national prices (in mil. 2021US$),,,,,,,,,,,,,,,,,,,,,34901.296875,35963.81640625,38037.15625,40586.71484375,44154.51953125,48095.40234375,51403.609375,54320.84375,59007.7109375,64247.81640625,69500.2421875,74371.4296875,77574.71875,77918.9609375,78258.890625,80182.4140625,83407.3125,86485.9765625,88752.3828125,91128.59375,95605.8125,101741.046875,109359.046875,115018.7265625,120821.3515625,125205.5,129435.4765625,136347.078125,149334.640625,155835.9375,159505,168016.4375,181140.921875,191045.75,202401.234375,220603.359375,240321.015625,256505.4375,269748.375,284320.96875,302072.125,316069.75,327377.5,337917.9375,347253.75,357213.0625,366760.40625,371834.78125,436737.40625,386448.46875,393709.34375,400609.9375,407885.3125,410573.59375
SEN,Senegal,rgdpna,Real GDP at constant 2021 national prices (in mil. 2021US$),,,,,,,,,,,11583.3388671875,11821.7373046875,11951.640625,11784.947265625,12192.255859375,12523.0908203125,13010.0234375,12762.5751953125,13525.9970703125,12580.4453125,13558.349609375,13541.6474609375,14406.7900390625,13601.7734375,14172.9677734375,15241.869140625,16601.376953125,16153.7763671875,15145,16604.71875,16058.115234375,15867.6103515625,18301.6796875,18700.275390625,17951.443359375,18629.935546875,19478.416015625,20256.5546875,21280.88671875,20981.94140625,21801.11328125,21714.65234375,22195.310546875,21702.927734375,22325.734375,23380.83984375,24601.5390625,24919.986328125,25921.728515625,28294.08984375,29393.943359375,30661.07421875,30682.13671875,32398.478515625,33902.8359375,35364.12890625,36188.3828125,37211.47265625,38589.4765625,39651.5,40996.05078125,41542.95703125,43205.94140625,44248.2109375,47002.26171875,49994.8203125,53172.69140625,57111.24609375,60657.5703125,63456.08203125,64307.70703125,68516,71134.59375,74220.0234375
SEN,Senegal,rnna,Capital stock at constant 2021 national prices (in mil. 2021US$),,,,,,,,,,,39896.44921875,39521.2578125,38974.8359375,38841.13671875,38848.484375,38885.8203125,38762.19140625,38786.94140625,38958.21875,39243.671875,39837.5078125,40448.71875,41290.11328125,42015.4140625,42870.3671875,43744.83984375,44436.12890625,44909.47265625,45371.6484375,46048.51171875,46826.1015625,47366.171875,48072.95703125,48964.10546875,49710.88671875,50423.1796875,51623.16796875,52971.4765625,54400.4921875,55744.25390625,57011.48828125,58340.2109375,59825.71875,61023.72265625,62422.125,63906.49609375,65840.09375,67475.734375,69698.8125,71995.4296875,74271.34375,76857.5703125,79259.421875,81901.78125,84952.9453125,88242.0625,92544.171875,97115.09375,102468.6015625,107474.140625,112003.34375,117338.578125,122909.75,130134.9765625,139279.5,148918.140625,160527.625,174431.21875,190553.140625,208204.984375,226497.125,248040.21875,271406.25,294571.28125
SGP,Singapore,rgdpna,Real GDP at constant 2021 national prices (in mil. 2021US$),,,,,,,,,,,9563.205078125,10326.6025390625,11046.1083984375,12143.8212890625,11677.1201171875,12551.099609375,13902.470703125,15601.83984375,17717.322265625,20123.0859375,22882.6875,25723.216796875,29148.408203125,32239.015625,34211.20703125,35575.8046875,38221.6328125,40840.74609375,44017.0078125,48222.59375,53099.5234375,58842.7265625,63021.8203125,68413.0078125,74428.078125,73964.609375,74957.8203125,83051.71875,92406.328125,101793.71875,111790.7734375,119267.7890625,127186.9296875,141762.109375,157491.609375,168792.25,181403.390625,196489.28125,192184.15625,203173.984375,221537.46875,219165.109375,227763.75,238123.03125,261792.421875,281076.875,306392.8125,334034.09375,340258.78125,340694.15625,390162.09375,414410.40625,432791.5625,453641.875,471495.125,485530.59375,502954.53125,525652.5625,544140.3125,551459.3125,530118.9375,581491.5625,603809.6875,610300.75
SGP,Singapore,rnna,Capital stock at constant 2021 national prices (in mil. 2021US$),,,,,,,,,,,24091.14453125,25006.4296875,26030.716796875,28196.880859375,29730.373046875,31854.015625,34344.44140625,37675.55859375,41615.42578125,47379.36328125,55494.36328125,65415.08203125,76120.5703125,86603.0859375,97655.9453125,107767.8125,118226.3828125,128304.671875,140254.203125,153888.75,171071.75,191038.28125,216329.375,244594.21875,276054.28125,300934.5,319972.34375,338560.6875,358283.1875,382614.875,409314.59375,439646.71875,474299.15625,512454.40625,554512.3125,602692.125,666967.5625,737680.625,800001.375,854881.0625,918227,972795.875,1014053.0625,1049055.375,1091729.375,1135057.75,1185104.125,1247352.25,1318864.75,1393667.5,1474259,1558784.875,1652405.875,1752090.125,1854261.75,1954235.375,2050039.5,2148504.5,2227459.75,2306089,2351833.25,2437333.25,2523388,2606984.75
SLE,Sierra Leone,rgdpna,Real GDP at constant 2021 national prices (in mil. 2021US$),,,,,,,,,,,,3065.73583984375,3496.36059570313,3909.85595703125,4183.3056640625,4312.99853515625,4501.6845703125,4065.78271484375,4460.33837890625,4833.79833984375,5299.3671875,5322.1494140625,5370.65869140625,5557.76513671875,5751.8017578125,5751.80224609375,5710.22265625,5758.7314453125,5980.48779296875,6285.40234375,6465.57958984375,6721.98486328125,6839.79345703125,6832.86376953125,7130.8486328125,7296.93994140625,7403.46484375,7702.19677734375,7892.0888671875,8159.94384765625,8457.1318359375,7781.1962890625,7030.59912109375,7034.41650390625,7280.62060546875,6550.73876953125,4927.02880859375,4060.0751953125,4026.0751953125,3699.0859375,3839.92114257813,4537.6318359375,5736.3525390625,6270.5869140625,6684.31591796875,6985.45068359375,7280.51025390625,7867.2197265625,8292.216796875,8556.2919921875,9013.7939453125,9583.0361328125,11038.005859375,13324.5576171875,13932.05859375,12388.41015625,14732.984375,17097.90234375,19784.158203125,20872.822265625,20611.212890625,21826.626953125,22986.396484375,24298.923828125
SLE,Sierra Leone,rnna,Capital stock at constant 2021 national prices (in mil. 2021US$),,,,,,,,,,,,1678.52172851563,1866.68688964844,2139.46435546875,2425.07373046875,2727.54296875,3145.74609375,3400.38427734375,3637.59887695313,3968.04174804688,4462.46923828125,4885.67529296875,5238.21875,5596.0263671875,6015.52734375,6430.974609375,6764.26318359375,7083.01953125,7463.125,7963.8779296875,8651.7158203125,9268.412109375,9718.6328125,10132.2470703125,10417.4736328125,10666.7685546875,10917.998046875,11022.0908203125,11250.66015625,11578.2275390625,11749.849609375,11958.84765625,12221.8076171875,12054.5322265625,12164.8994140625,12017.904296875,11954.1455078125,11615.763671875,11332.091796875,10995.4365234375,10843.7255859375,10793.6513671875,10827.8232421875,10929.2626953125,11012.65234375,11238.072265625,11412.984375,11582.1767578125,11791.5556640625,12044.9248046875,14381.4560546875,17760.599609375,19692.1328125,20911.03125,21942.048828125,22927.76171875,24039.078125,25841.73046875,27201.69140625,28860.30078125,29981.18359375,31214.62890625,33127.14453125,35416.5234375
SLV,El Salvador,rgdpna,Real GDP at constant 2021 national prices (in mil. 2021US$),8833.8251953125,9181.6201171875,9856.5673828125,10607.3466796875,10884.427734375,11458.662109375,12199.2060546875,12745.5654296875,12916.5400390625,13167.7509765625,13760.416015625,13974.6748046875,15459.4638671875,16135.8427734375,17675.146484375,18727.849609375,20253.853515625,21127.08984375,21556.357421875,22361.55078125,23377.96484375,24511.20703125,25859.373046875,27168.4609375,28907.3984375,30519.3359375,31720.9609375,33635.74609375,35804.53515625,35189.06640625,32131.271484375,29474.01953125,27823.001953125,28037.9296875,28682.705078125,29249.322265625,29434.94140625,30226.2578125,30714.720703125,31037.109375,32092.1953125,32571.767578125,34857.66796875,36886.1171875,38616,40444.44921875,40775.15625,42053.43359375,43169.6015625,44102.2890625,44598.91015625,44990.18359375,45701.4140625,46415.37890625,46828.83984375,48096.7109375,50185.5,51119.2421875,52206.6640625,51118.99609375,52195.671875,54185.2734375,55710.0859375,56957.23828125,57931.1171875,59321.46484375,60827.6796875,62194.84765625,63695.26171875,65247.8203125,60097.73828125,67252.234375,69135,71562.3046875
SLV,El Salvador,rnna,Capital stock at constant 2021 national prices (in mil. 2021US$),16077.20703125,17184.125,18279.05078125,19349.671875,20282.259765625,21194.361328125,22844.193359375,24646.1953125,25791.73828125,26220.5390625,28515.888671875,30182.32421875,31808.060546875,33658.58984375,37056.96484375,39825.140625,43252.80078125,45583.78515625,46573.76171875,48110.7421875,50114.48046875,52714.484375,56968.9140625,60144.36328125,64094.15625,70171.8515625,76044.1328125,84266.6953125,92133.515625,97101.671875,98555.4765625,99365.53125,99675.2109375,99800.4375,100341.1015625,101771.71875,103828.9296875,106500.71875,109279.8203125,112728.90625,114495.09375,117507.921875,122114.8671875,127913.9375,134696.90625,142698.796875,148346.203125,154785.40625,162014.890625,168712.9375,175839.734375,182818.40625,190228.453125,197911.828125,204458.890625,211101.296875,219094.21875,228183.78125,236640.5625,241734.6875,245464.859375,250937.4375,256945.625,263921.125,269102.625,275698.28125,282828.40625,290496.59375,299389.65625,309309.5625,317309.59375,330467.625,344066.0625,359328.8125
SOM,Somalia,rgdpna,Real GDP at constant 2021 national prices (in mil. 2021US$),,,,,,,,,,,,,,,,,,,,,2871.79833984375,2933.20776367188,3369.697265625,2960.30004882813,2982.57641601563,3420.87158203125,3357.65576171875,3815.8193359375,4037.11450195313,3835.78564453125,3904.55908203125,4149.1484375,4263.9560546875,3770.34008789063,3893.466796875,4264.5107421875,4172.99755859375,4593.9580078125,4750.85302734375,4931.74951171875,5046.5078125,5195.40869140625,4754.40576171875,4944.134765625,4061.75561523438,4223.84375,4563.69482421875,4617.56884765625,4921.70458984375,5281.8896484375,5657.44873046875,6059.7109375,6522.0830078125,7019.7353515625,7518.8603515625,8053.4755859375,8575.853515625,9149.951171875,9762.4814453125,10416.015625,11113.30078125,11857.2646484375,12651.03125,12308.3681640625,14262.513671875,17638.951171875,20578.986328125,22535.490234375,23209.078125,23866.66796875,23209.078125,24011.724609375,24666.8984375,25706.47265625
SRB,Serbia,rgdpna,Real GDP at constant 2021 national prices (in mil. 2021US$),,,,,,,,,,,,,,,,,,,,,,,,,,,,,,,,,,,,,,,,,128855.7421875,113825.9296875,81795.4609375,56905.5625,58382.2109375,61702.44140625,65567.53125,70293.2265625,72641.640625,65795.78125,69830.25,74633.71875,79395.6484375,82879.34375,90361.8515625,95359.171875,100229.921875,106684.2578125,112717.859375,109638.6953125,110440.203125,112689.0703125,111921.0390625,115158.5078125,113328.0625,115374.8125,119226.6796875,121731.75,127203.953125,132714.109375,131515.171875,141676.09375,145288.78125,148961.359375
SRB,Serbia,rnna,Capital stock at constant 2021 national prices (in mil. 2021US$),,,,,,,,,,,,,,,,,,,,,,,,,,,,,,,,,,,,,,,,,620871.25,617481.4375,608873.625,597024.5625,586790.375,577551.5625,570455.0625,566687.3125,563590.25,558019.6875,553242.75,549176.625,549130.625,552339.875,558569.0625,564991.6875,573850.8125,587354.9375,601096.75,605838,608649.9375,612219.125,619232.8125,621592.375,622546,624817.125,627954.8125,632458.4375,641496.5,655538.5625,666858.0625,682113.1875,696163.625,708659.3125
SSD,South Sudan,rgdpna,Real GDP at constant 2021 national prices (in mil. 2021US$),,,,,,,,,,,,,,,,,,,,,,,,,,,,,,,,,,,,,,,,,,,,,,,,,,,,,,,,,,,11431.271484375,12457.7802734375,12398.029296875,12583.7255859375,6124.6171875,7949.462890625,10172.94140625,10871.708984375,10149.609375,9794.88671875,10171.23046875,11328.7490234375,10948.294921875,10680.478515625,10126.6396484375,10383.2822265625
STP,Sao Tome and Principe,rgdpna,Real GDP at constant 2021 national prices (in mil. 2021US$),,,,,,,,,,,,,,,,,,,,,317.516632080078,334.584197998047,342.249633789063,347.699279785156,367.461761474609,387.224182128906,393.572143554688,485.736999511719,499.810211181641,581.495056152344,575.20703125,515.880676269531,531.835754394531,511.232635498047,480.402923583984,525.079833984375,494.456604003906,479.968444824219,489.561706542969,504.911041259766,494.042114257813,499.975494384766,503.475372314453,509.013549804688,520.211853027344,530.616149902344,538.575378417969,543.941345214844,557.539733886719,571.478271484375,574.040588378906,591.632019042969,603.482788085938,645.509582519531,670.246948242188,717.792724609375,783.224182128906,808.707214355469,874.909301757813,896.137817382813,955.927917480469,997.969604492188,1029.32763671875,1078.88659667969,1149.55297851563,1194.51611328125,1244.26489257813,1292.15637207031,1330.2138671875,1359.47863769531,1401.62231445313,1428.25329589844,1431.10974121094,1436.83422851563
STP,Sao Tome and Principe,rnna,Capital stock at constant 2021 national prices (in mil. 2021US$),,,,,,,,,,,,,,,,,,,,,411.908447265625,416.253692626953,419.445678710938,418.756286621094,419.932678222656,427.265655517578,438.415588378906,481.911193847656,495.383483886719,525.169006347656,564.095703125,593.556457519531,622.525451660156,647.271606445313,667.066711425781,686.400756835938,699.264831542969,708.951416015625,737.214233398438,787.807434082031,842.667114257813,916.322814941406,988.984436035156,1045.16589355469,1120.30554199219,1281.67529296875,1385.23291015625,1454.72265625,1474.27111816406,1515.0634765625,1544.83056640625,1609.8427734375,1667.89916992188,1740.38720703125,1812.091796875,1898.26318359375,1967.79553222656,2083.36743164063,2197.1025390625,2274.6201171875,2370.81762695313,2474.39770507813,2581.77783203125,2693.05590820313,2817.15209960938,2953.65771484375,3051.39819335938,3156.19946289063,3258.61865234375,3366.53588867188,3419.16259765625,3617.71923828125,3934.05078125,4006.95532226563
SUR,Suriname,rgdpna,Real GDP at constant 2021 national prices (in mil. 2021US$),,,,,,,,,,,,,,,,,,,,,4131.6005859375,4396.0869140625,4600.462890625,4780.79443359375,4440.16796875,4884.98583984375,5326.36669921875,5875.80859375,6196.416015625,5831.71044921875,5331.92919921875,5710.142578125,5470.58056640625,5255.650390625,5156.72705078125,5876.7626953125,5775.57373046875,5351.67431640625,5815.2626953125,6078.4228515625,5840.05322265625,6000.2734375,6022.83154296875,5619.17919921875,5809.66796875,5810.16162109375,5870.439453125,6207.3642578125,6352.0205078125,6262.85693359375,6392.17431640625,6659.83056640625,6844.78369140625,7274.8388671875,7856.76513671875,8165.021484375,8635.6748046875,9076.00390625,9533.732421875,9905.625,10506.533203125,11216.298828125,11617.6611328125,12060.80078125,12195.21484375,11879.9921875,11296.4873046875,11473.39453125,12041.12890625,12181.7197265625,10235.66796875,9986.38671875,10229.4296875,10449.1669921875
SUR,Suriname,rnna,Capital stock at constant 2021 national prices (in mil. 2021US$),,,,,,,,,,,,,,,,,,,,,7773.783203125,8111.59765625,8624.3232421875,9187.7890625,9913.587890625,10588.294921875,11500.150390625,12422.87890625,13246.271484375,13730.2373046875,14105.0625,14807.2587890625,15477.25,15725.1953125,15880.3173828125,16148,16462.07421875,16558.0390625,16633.62109375,16861.328125,16957.548828125,17055.08203125,17157.357421875,17077.724609375,17737.361328125,18556.416015625,18924.33203125,19135.470703125,19318.244140625,21799.447265625,22853.84765625,24201.25,25196.009765625,25813.900390625,27123.62890625,28576.255859375,29521.0859375,30934.34765625,32629.0546875,34916.50390625,35972.3515625,37985.50390625,39987.91015625,41760.48046875,43695.703125,45360.171875,46926.0390625,48065.79296875,50280.921875,52887.34375,53810.9140625,55165.55078125,56685.296875,58230.02734375
SVK,Slovakia,rgdpna,Real GDP at constant 2021 national prices (in mil. 2021US$),,,,,,,,,,,,,,,,,,,,,,,,,,,,,,,,,,,,,,,,,77505.6328125,66235.625,61894.42578125,63071.2421875,66985.1484375,70899.4140625,75238.15625,79365.6171875,82402.2265625,82012.2421875,82659.5078125,85077.4375,88835.5234375,93149.9921875,98170.3046875,104536.5859375,113867.1953125,126186.0625,132953.890625,125634.34375,134165.640625,137603.53125,139762.765625,140745.75,144557.078125,152040.625,155002.109375,159458,165935.375,169711.890625,165323.96875,174792.0625,175578.0625,177998.109375
SVK,Slovakia,rnna,Capital stock at constant 2021 national prices (in mil. 2021US$),,,,,,,,,,,,,,,,,,,,,,,,,,,,,,,,,,,,,,,,,421483.5,433335.90625,442892.75,450365.34375,456489.46875,463272.46875,478047.28125,496443,517359.59375,530133.0625,537356.3125,549154.5,560221.5625,569038.0625,579586.3125,596002.9375,614551.6875,636975.9375,659601.375,670628.9375,684703.0625,703732.5,716385,729137.25,742469.5625,764748.625,779870.4375,793949.3125,808975.875,825639.5,835838.75,848270.75,859444.5,878879.125
SVN,Slovenia,rgdpna,Real GDP at constant 2021 national prices (in mil. 2021US$),,,,,,,,,,,,,,,,,,,,,,,,,,,,,,,,,,,,,,,,,44635.6484375,40663.0234375,38441.3203125,39534.36328125,41640.5546875,43350.796875,44613.87890625,46921.01171875,48358.59375,50906.125,52686.77734375,54177.125,55955.53515625,57743.328125,60368.3515625,62695.02734375,66399.5390625,71139.953125,73538.9609375,67956.921875,68712.6953125,69163.0625,67146.59375,66593.453125,68433.3203125,70071.140625,72197.390625,75933.171875,79258.3515625,82036.5546875,78685.3671875,85286.7890625,87588.8828125,89439.265625
SVN,Slovenia,rnna,Capital stock at constant 2021 national prices (in mil. 2021US$),,,,,,,,,,,,,,,,,,,,,,,,,,,,,,,,,,,,,,,,,309071.03125,315273.59375,318333.3125,322874.84375,329431.09375,337747.5,346534.65625,357385.21875,369385.25,383901.5625,397689.09375,410828.0625,422620.65625,435205.375,448566.875,462033.34375,477740.375,496078.96875,515649.96875,525001.625,529697,532820.9375,533795.125,535610.4375,537585.9375,539521.6875,540476.625,543443.5,548618.625,554750.875,558192.875,564807.5,572421.9375,580556
SWE,Sweden,rgdpna,Real GDP at constant 2021 national prices (in mil. 2021US$),99905.0546875,102769.71875,104381.09375,107961.9140625,114228.359375,117630.1484375,121569.0546875,124433.7265625,127477.421875,134280.984375,139294.140625,147171.96875,153438.40625,161495.265625,172595.84375,179041.328125,182622.15625,189783.8125,195155.046875,205897.515625,218430.421875,220493.8125,225540.34375,234489.765625,241989.1875,248166.84375,250792.703125,246789.390625,251112.03125,260754.75,265187.5,266393.65625,269720.03125,274846.40625,286471.15625,292659.96875,300536.40625,310615.90625,318564.6875,327022,329489.96875,325714.0625,321940.34375,315290.3125,327951.28125,341378.46875,347198.375,357839.53125,373032.4375,388703.78125,406705.09375,412239.40625,421628.875,429559.46875,447513.0625,460012.90625,481523.03125,497051.75,492463.34375,471506.21875,498621.28125,514397.1875,512265.21875,518093.34375,529987.5625,553360.75,566363.3125,576700.25,587674.6875,602658.3125,590573,625638.3125,634768.1875,632796.125
SWE,Sweden,rnna,Capital stock at constant 2021 national prices (in mil. 2021US$),480072.25,499860.0625,515726.90625,529938.6875,549681.375,571633.375,593046.1875,614385.5,636054.5625,660426.625,691773.4375,723173.3125,754600.625,786844,827966.0625,872368.5,913043.6875,952686.9375,990989.5625,1033750.875,1086907.25,1136818.5,1188536.75,1240023.75,1285204.375,1330857.375,1375742.75,1414414.625,1444392,1478057.375,1514347.375,1545320.625,1575815.25,1608611.875,1648140.375,1693946,1737112.75,1784427.875,1834030.625,1893691.25,1947027.5,1983339.75,2005377.375,2008813.5,2018394.375,2034766,2055086.125,2074514,2100529.75,2130124.75,2162552.5,2193544,2220544.5,2245608,2274282.5,2304675.75,2345192.5,2393282.5,2437540,2460205.25,2490140.25,2524929.25,2555987.5,2585211.25,2621339.25,2666097.75,2715474.75,2769029,2821568,2870844.75,2920411.5,2981869.75,3042710.5,3097544
SWZ,Eswatini,rgdpna,Real GDP at constant 2021 national prices (in mil. 2021US$),,,,,,,,,,,,,,,,,,,,,1031.70080566406,1070.10571289063,1205.82983398438,1247.43371582031,1486.14440917969,1978.5703125,2238.42407226563,2261.02294921875,2291.02954101563,2341.12255859375,2396.10961914063,2561.486328125,2598.35815429688,2584.1396484375,2648.25048828125,2699.21118164063,3200.83447265625,3521.416015625,3788.0244140625,4144.40087890625,4552.97998046875,4633.1240234375,4782.623046875,4931.15576171875,5049.54296875,5293.2265625,5496.59619140625,5667.13037109375,5814.72021484375,5986.3154296875,5927.3505859375,5989.8701171875,6252.23193359375,6494.83203125,6730.19921875,7133.92919921875,7561.40625,7896.78271484375,7961.66796875,8086.27197265625,8393.044921875,8581.65625,9044.7763671875,9394.015625,9480.7431640625,9691.9248046875,9794.9130859375,9993.4140625,10231.2666015625,10506.708984375,10342.841796875,10647.0283203125,10687.0849609375,11212.8857421875
SWZ,Eswatini,rnna,Capital stock at constant 2021 national prices (in mil. 2021US$),,,,,,,,,,,,,,,,,,,,,1168.37390136719,1363.78076171875,1579.81762695313,1865.47277832031,2228.87353515625,2634.60278320313,3034.10400390625,3504.44409179688,4376.25,5387.7421875,5925.60693359375,6618.20458984375,7243.279296875,8388.37109375,9346.0009765625,9800.5283203125,10065.3427734375,11013.021484375,12109.4765625,13312.6494140625,14410.5244140625,15540.19921875,16899.18359375,18084.89453125,19223.673828125,20244.365234375,21045.982421875,21885.70703125,22884.2578125,23285.72265625,23400.09765625,23647.990234375,23825.287109375,23930.197265625,24151.80859375,24360.783203125,24576.63671875,24790.42578125,24993.904296875,25287.865234375,25563.69921875,25702.712890625,25789.9453125,25927.66796875,26075.955078125,26266.888671875,26543.787109375,26768.1171875,27485.5,28154.078125,28564.263671875,29168.5,29479.07421875,29931.681640625
SXM,Sint Maarten (Dutch part),rgdpna,Real GDP at constant 2021 national prices (in mil. 2021US$),,,,,,,,,,,,,,,,,,,,,,,,,,,,,,,,,,,,,,,,,,,,,,,,,,,,,,,,1345.87023925781,1410.4267578125,1468.04736328125,1486.08044433594,1482.666015625,1498.77844238281,1502.43225097656,1647.64819335938,1805.0380859375,1983.1513671875,1993.42602539063,1999.83850097656,1858.76257324219,1642.48510742188,1787.13146972656,1492.73754882813,1600.94934082031,1761.04418945313,1813.87548828125
SYC,Seychelles,rgdpna,Real GDP at constant 2021 national prices (in mil. 2021US$),,,,,,,,,,,139.216430664063,145.290939331055,158.793441772461,190.751495361328,197.593017578125,153.546875,150.074890136719,192.912811279297,229.057342529297,212.587844848633,246.184356689453,285.208923339844,303.200805664063,330.653198242188,334.961090087891,345.604156494141,401.860382080078,436.420349121094,474.418518066406,545.369201660156,528.401733398438,493.305969238281,485.893829345703,477.588745117188,515.854797363281,568.944946289063,575.999877929688,601.227783203125,633.24267578125,698.388732910156,750.451904296875,771.0361328125,826.671447753906,877.796997070313,870.697509765625,865.294738769531,881.547668457031,1014.47418212891,1128.37927246094,1150.21374511719,1148.78491210938,1123.13330078125,1137.32080078125,1065.32958984375,1043.80688476563,1137.81884765625,1244.83325195313,1380.14965820313,1356.13696289063,1346.61279296875,1432.51501464844,1515.74670410156,1577.95178222656,1679.763671875,1762.57360839844,1919.68969726563,2152.30859375,2301.98364257813,2415.68920898438,2548.8974609375,2249.66040039063,2262.0849609375,2589.54272460938,2671.19458007813
SYC,Seychelles,rnna,Capital stock at constant 2021 national prices (in mil. 2021US$),,,,,,,,,,,398.34130859375,410.133941650391,425.900207519531,444.871398925781,465.755554199219,487.985321044922,507.182159423828,523.791870117188,542.033874511719,595.232421875,714.000122070313,845.613220214844,975.823669433594,1111.92150878906,1241.06384277344,1367.76391601563,1517.88488769531,1680.62377929688,1858.17395019531,2059.056640625,2240.54541015625,2382.69677734375,2508.2451171875,2608.48901367188,2723.13427734375,2858.20385742188,2971.54125976563,3095.21166992188,3283.83203125,3505.93725585938,3715.5478515625,3902.56225585938,4100.2568359375,4422.50537109375,4673.521484375,4995.947265625,5459.32080078125,5875.06396484375,6375.751953125,6864.11962890625,7257.146484375,7770.84375,8135.27392578125,8168.8681640625,8051.26025390625,8306.2255859375,8490.048828125,8625.005859375,8633.9072265625,8611.3232421875,8811.7626953125,8980.5693359375,9201.2900390625,9449.3271484375,9658.73828125,9854.7919921875,10059.869140625,10303.62890625,10508.978515625,10761.4619140625,10907.7607421875,10892.33984375,10949.30078125,11070.3916015625
SYR,Syrian Arab Republic,rgdpna,Real GDP at constant 2021 national prices (in mil. 2021US$),,,,,,,,,,,27536.69921875,27972.64453125,38336.47265625,34804.7109375,40361.859375,40465.55859375,37233.40234375,39627.9453125,41217.48828125,49293.3125,43679.11328125,48010.31640625,60026.16796875,54896.8203125,68141.9140625,81446.3515625,90374.2890625,89223.1640625,97009.3359375,100533.015625,112580.1171875,123283.9609375,125900.1640625,127699.5,122499.8671875,129990.8515625,123561.9765625,125918.9140625,142623.65625,118346,123774.7109375,133554.484375,151544.734375,159393.203125,170890.265625,182897.765625,200868.765625,210960.25,225274.515625,217269.03125,218736.984375,227034.5625,244875.921875,246322.875,263325.6875,279692.09375,293805.65625,310478.4375,324377.28125,343556.0625,361391.6875,371691.3125,273791.5,201783.96875,180979.453125,173414.890625,164822.578125,166166.875,171093.515625,175866.5625,178267.0625,181572.5,182903.046875,175586.921875
SYR,Syrian Arab Republic,rnna,Capital stock at constant 2021 national prices (in mil. 2021US$),,,,,,,,,,,4473.45654296875,4621.56689453125,4881.89306640625,5050.29150390625,5262.04736328125,5406.771484375,5621.1328125,5813.4775390625,6091.53125,6490.6865234375,6679.07421875,6934.2978515625,7313.62548828125,7641.36279296875,8178.1904296875,9009.7646484375,10143.3603515625,11457.4580078125,12461.3251953125,13443.61328125,14780.205078125,16099.111328125,17423.080078125,18820.603515625,20189.451171875,21608.203125,22699.466796875,23085.09375,23409.25390625,23614.361328125,23965.232421875,24353.689453125,25171.25,25971.654296875,27129.30078125,28209.181640625,29180.3046875,29960.3984375,30764.345703125,31468.23828125,32062.6796875,32769.75390625,33738.56640625,35050.29296875,36561.35546875,38424.59375,40444.734375,42013.24609375,43295.5546875,44956.19921875,47082.12109375,49676.06640625,49478.6640625,49481.9765625,48603.51953125,49700.28515625,50270.26953125,52853.828125,56125.06640625,58323.1640625,60873.40234375,64557.9375,69201.1484375,74204.4609375
TCA,Turks and Caicos Islands,rgdpna,Real GDP at constant 2021 national prices (in mil. 2021US$),,,,,,,,,,,,,,,,,,,,,16.1574993133545,17.8787231445313,19.7831897735596,21.8903656005859,24.2222576141357,26.8029041290283,29.658447265625,32.8167419433594,36.3108596801758,40.1811637878418,44.4649810791016,49.2018280029297,54.4290466308594,60.220157623291,66.6733779907227,73.7897644042969,81.6200332641602,90.1733474731445,99.8384246826172,110.918785095215,122.522171020508,135.144927978516,148.41764831543,166.109832763672,187.733581542969,201.494171142578,220.660705566406,237.090911865234,262.879241943359,285.868865966797,299.872406005859,320.997222900391,324.730133056641,355.052978515625,395.535247802734,452.388946533203,533.330871582031,563.407043457031,610.010925292969,490.752136230469,495.586090087891,518.484252929688,504.658874511719,510.063171386719,554.496276855469,617.236633300781,661.993530273438,645.508483886719,681.727661132813,718.026611328125,525.718505859375,573.167175292969,608.703491210938,616.007934570313
TCA,Turks and Caicos Islands,rnna,Capital stock at constant 2021 national prices (in mil. 2021US$),,,,,,,,,,,,,,,,,,,,,19.6607265472412,22.7198677062988,26.0551071166992,29.7244529724121,33.822437286377,38.3803215026856,43.4948463439941,49.2825469970703,55.8696975708008,63.2959518432617,71.691291809082,81.1172637939453,91.6597671508789,103.553131103516,117.01554107666,132.257553100586,149.346084594727,168.303695678711,189.956619262695,214.92839050293,243.582992553711,274.096435546875,306.172698974609,348.712127685547,399.297393798828,455.957122802734,495.874450683594,556.656494140625,635.637573242188,720.296813964844,788.612426757813,865.884582519531,966.930908203125,1094.2001953125,1287.19372558594,1583.47839355469,2025.07702636719,2489.28662109375,2942.1875,3147.59716796875,3253.44848632813,3303.6171875,3371.3564453125,3450.15502929688,3532.06958007813,3641.65014648438,3765.6396484375,3877.48681640625,4001.57470703125,4136.140625,4200.26904296875,4284.52783203125,4382.0791015625,4481.498046875
TCD,Chad,rgdpna,Real GDP at constant 2021 national prices (in mil. 2021US$),,,,,,,,,,,4161.283203125,4242.55078125,4721.87255859375,4447.908203125,4473.95068359375,4647.3388671875,4576.98974609375,4614.333984375,4660.8388671875,4867.22802734375,5230.32177734375,5328.57080078125,4963.8935546875,4723.4716796875,5369.60400390625,6295.4580078125,6200.0986328125,5736.59423828125,5709.65283203125,4485.44140625,4214.1767578125,3758.82470703125,3960.91040039063,4581.15087890625,4814.10888671875,5193.55810546875,5501.8994140625,5703.22216796875,6138.9013671875,6251.20703125,6454.02685546875,6699.14990234375,6853.21044921875,6733.23828125,7117.8076171875,7217.35546875,7371.72900390625,7787.66650390625,8326.3857421875,8284.7255859375,8243.1123046875,9192.525390625,9975.125,11400.4619140625,15239.232421875,16445.2109375,16520.4765625,19863.109375,20545.33203125,22890.0703125,26878.21875,27471.990234375,30547.349609375,32968.8671875,35986.30859375,37405.9453125,35749.66796875,35626.84765625,37779.6015625,40266.73046875,39439.97265625,39079.578125,40490.05078125,42470.34375
TCD,Chad,rnna,Capital stock at constant 2021 national prices (in mil. 2021US$),,,,,,,,,,,3359.87231445313,3849.26928710938,4226.37109375,4730.50439453125,5199.15234375,5492.73388671875,5856.77978515625,6317.83251953125,6744.111328125,7273.4287109375,7773.95263671875,8306.671875,8849.15625,9348.1865234375,10137.5009765625,11360.974609375,12434.08984375,13280.6162109375,13937.2919921875,14055.8251953125,14073.92578125,14048.75,14017.744140625,13807.6552734375,13607.71484375,13497.6826171875,13497.31640625,13629.6708984375,13779.279296875,13917.318359375,14113.77734375,14299.3779296875,14522.90234375,14704.1669921875,14894.876953125,15033.177734375,15217.1552734375,15396.0654296875,15611.236328125,15903.1748046875,16261.0361328125,18108.84765625,21789.08203125,24663.94921875,27055.46875,29496.04296875,33142.9609375,36532.46875,40020.75,43818.73046875,48367.8984375,55277.984375,61032.75390625,66943.203125,72176,77258.3203125,78866.7265625,79770.7890625,81587.6875,85175.234375,86433.234375,89417.109375,91139.6328125,94383.34375
TGO,Togo,rgdpna,Real GDP at constant 2021 national prices (in mil. 2021US$),,,,,,,,,,,2142.607421875,2368.7998046875,2456.7919921875,2613.94189453125,2965.02270507813,3396.42626953125,3719.46459960938,3921.75854492188,4114.328125,4547.63525390625,4688.44482421875,5024.83984375,5199.5087890625,4982.87060546875,5194.703125,5162.4736328125,5138.12451171875,5423.77197265625,5970.3330078125,6327.87255859375,6041.13623046875,5667.12939453125,5457.017578125,5175.63623046875,5480.01953125,5683.72119140625,5869.03466796875,5723.24951171875,6302.67919921875,6561.0888671875,6948.0126953125,6963.7421875,6735.37841796875,5635.59423828125,6420.8779296875,6855.625,7380.9619140625,7662.0849609375,7486.36181640625,7682.61328125,7608.603515625,7671.25634765625,7964.806640625,8500.0556640625,8416.8681640625,9002.341796875,10367.48828125,11494.7197265625,11958.6064453125,12610.8076171875,13349.087890625,14126.439453125,15016.7861328125,15891.4033203125,16786.60546875,17704.501953125,18719.6953125,19469.96484375,20403.5859375,21408.01953125,21870.921875,23181.181640625,24516.3125,26087.30078125
TGO,Togo,rnna,Capital stock at constant 2021 national prices (in mil. 2021US$),,,,,,,,,,,8810.3251953125,8791.8798828125,8867.4072265625,9062.0986328125,9698.216796875,10525.625,11119.1533203125,11467.4052734375,11717.8701171875,12164.990234375,12704.296875,13525.265625,14482.388671875,15401.1865234375,16401.736328125,17879.123046875,19082.787109375,21411.134765625,24720.91796875,28133.234375,30033.626953125,30730.046875,31151.8203125,31124.078125,30905.80859375,30925.80078125,31171.3671875,31421.154296875,31667.154296875,32722.82421875,33797.88671875,33795.7890625,33612.234375,32808.7109375,32499.373046875,32565.3515625,32723.279296875,32774.04296875,33341.609375,33434.13671875,33939.12890625,34513.765625,35144.50390625,35921.3359375,36538.12890625,37450.0546875,38738.765625,39918.87890625,41415.05078125,43077.578125,44789.15625,47208.03515625,49389.26953125,51774.74609375,54971.609375,58692.6484375,61874.5078125,63766.4609375,66019.15625,68373.1875,71466.28125,74345.7265625,77742.7109375,81774.9375
THA,Thailand,rgdpna,Real GDP at constant 2021 national prices (in mil. 2021US$),31619.109375,30150.580078125,29387.724609375,26537.7734375,29073.455078125,26970.775390625,28242.283203125,32270.236328125,32904.92578125,36626.0703125,41091.31640625,43260.609375,46752.00390625,50659.671875,54007.421875,58253.6796875,65364.71875,70455.234375,76218.53125,82814.3671875,114327.796875,120001.078125,124888.6484375,137202.3125,143175.203125,150113.703125,164187.5,180440,199275.796875,209863.84375,219905.53125,232895.078125,245360.421875,259061.875,273964.1875,286695.96875,302561.21875,331361.90625,375393.625,421167.5625,468097.65625,507518.21875,554465.6875,602662.25,650857.5625,703709,743482.375,723010.0625,667815.4375,698349.6875,729463.5625,754587.625,800987.375,858572,912570.8125,950786,998019.0625,1052263.125,1070421.875,1063029.5,1142898.875,1152501.125,1235974.125,1269189.5,1281685.75,1321854.375,1367262.125,1424382,1484531.625,1515923.125,1424209.25,1446543.5,1482168.625,1510074.875
THA,Thailand,rnna,Capital stock at constant 2021 national prices (in mil. 2021US$),68703.625,70845.890625,73218.4140625,75647.4140625,78273.7109375,81478.9296875,83862.3046875,88045.25,92259.5625,97877.5546875,104339.8671875,110877.921875,120306.8671875,132905.453125,145235.1875,158981.296875,178497.21875,199210.65625,222006.5625,249718.03125,284790.6875,317487,348281.75,381498.03125,411765.71875,439311.25,472216.1875,517452.78125,567874.875,618161,667599,719880.3125,768903.5,828836.125,892517.9375,949476.125,1003592.125,1076224.5,1174036.875,1302900.75,1480868,1673317,1875292.625,2096791.625,2343960,2622140,2911965.75,3091450.25,3108462.25,3126345.25,3158439.25,3199990.25,3250135.25,3329881,3443971.25,3594982.75,3740014,3879625.25,4019170.75,4109857.5,4237178,4377496,4548764.5,4697992.5,4830514,4981794.5,5132382,5282581.5,5441419,5601558.5,5728546,5865754,6008195.5,6148745.5
TJK,Tajikistan,rgdpna,Real GDP at constant 2021 national prices (in mil. 2021US$),,,,,,,,,,,,,,,,,,,,,,,,,,,,,,,,,,,,,,,,,26721.16796875,24823.96484375,17625.013671875,14734.51171875,11596.060546875,10158.1494140625,8455.421875,8597.9443359375,9052.388671875,9387.041015625,10165.9208984375,11135.8642578125,12340.17578125,13711.99609375,15122.5146484375,16138.431640625,17202.60546875,18536.982421875,19942.736328125,20744.306640625,22100.404296875,22633.4375,24341.306640625,26149.5859375,27897.861328125,29563.048828125,31617.431640625,33848.44921875,36410.73828125,39120.8203125,40841.1328125,44697.4296875,48287.90234375,52271.65625
TJK,Tajikistan,rnna,Capital stock at constant 2021 national prices (in mil. 2021US$),,,,,,,,,,,,,,,,,,,,,,,,,,,,,,,,,,,,,,,,,1209217.625,1184544,1156690.375,1128311.75,1100257.5,1074217.125,1046788.9375,1023228.375,999120.3125,977766.4375,953787.8125,933111.6875,912497.625,894648.6875,877418.875,861717.625,847279.375,834163,821866.125,809311.1875,797567.875,786819.375,775105.625,765686.0625,759025.3125,756253.5625,754123.75,750844.875,749442.25,748617.0625,746367.5625,748501.875,752954.875,759187.3125
TKM,Turkmenistan,rgdpna,Real GDP at constant 2021 national prices (in mil. 2021US$),,,,,,,,,,,,,,,,,,,,,,,,,,,,,,,,,,,,,,,,,53284.65234375,50830.75390625,43223.4296875,43871.78125,36282.02734375,33669.703125,35925.57421875,31830.056640625,34089.9921875,39714.83984375,41886.8671875,43706.3671875,43818.7734375,45251.89453125,47514.6796875,53707.7578125,59601.26953125,66191.484375,75952.9453125,80611.1484375,93665.078125,105702.984375,112185.3359375,111806.765625,116102.3046875,119568.9921875,118401.109375,126097.1953125,133915.203125,142351.875,150750.625,160097.171875,170023.1875,180734.671875
TKM,Turkmenistan,rnna,Capital stock at constant 2021 national prices (in mil. 2021US$),,,,,,,,,,,,,,,,,,,,,,,,,,,,,,,,,,,,,,,,,173163.03125,182966.28125,190440.40625,198633.9375,201251.28125,201781.390625,209856.421875,215728.609375,223774.453125,231584,237959.546875,243719.71875,247281.3125,250553.75,253380.078125,257725.421875,261414.359375,265938.65625,283256.96875,314461.625,356065.375,402200.90625,444238.34375,488225.5,532476.5,576241.4375,618708.9375,663326.125,710337.9375,760275.75,812359.75,867377.3125,925750.3125,987168.8125
TTO,Trinidad and Tobago,rgdpna,Real GDP at constant 2021 national prices (in mil. 2021US$),3508.03198242188,3863.734375,4017.05297851563,4095.69189453125,4271.65625,4901.07421875,5595.87890625,6334.875,7050.53857421875,7632.763671875,8484.7080078125,9777.5732421875,10002.9892578125,10232.83984375,11113.1455078125,11288.9345703125,12019.44921875,12270.0283203125,12904.830078125,13263.9931640625,13731.740234375,13873.7353515625,14675.5888671875,14917.8154296875,15485.794921875,15711.31640625,16721.986328125,18242.166015625,20071.39453125,20798.07421875,22953.0546875,24005.48828125,24918.546875,22349.2421875,21064.033203125,20195.677734375,19532.95703125,18642.25,17911.357421875,17763.8359375,18030.9375,18514.845703125,18209.75,17946.001953125,18585.25390625,19320.6171875,20681.408203125,22272.244140625,24088.794921875,26010.8984375,27806.337890625,28969.13671875,31268.990234375,35787.37109375,38635.5390625,41037.9609375,46587.6484375,48674.41015625,50329.28125,48122.74609375,49725.6484375,49583.6015625,50228.7890625,51908.74609375,53826.9609375,53522.9375,49560.39453125,47172.28515625,46707.38671875,46927.76171875,42749.87890625,42360.00390625,42818.4296875,43429.5
TTO,Trinidad and Tobago,rnna,Capital stock at constant 2021 national prices (in mil. 2021US$),10377.357421875,11362.4892578125,12302.794921875,13013.8544921875,13744.4892578125,14807.7158203125,15895.765625,17571.6953125,19466.07421875,21596.234375,23815.830078125,25504.6796875,27486.435546875,28924.45703125,30336.009765625,32163.609375,33441.24609375,33940.390625,34839.08203125,35154.6484375,36640.05078125,39969.8203125,42438.9453125,44314.58203125,47908.04296875,52530.83984375,57913.73046875,63266.2265625,70738.140625,78174.2109375,87858.4921875,94678.2578125,101561.421875,107887.5390625,112735.4609375,115830.5703125,117293.8984375,117340.1484375,115546.9765625,114717.875,114232.4453125,113944.25,112570.6953125,111246.984375,110932.9609375,111704.0234375,112615.484375,115794.515625,118650.671875,119118.6484375,118936.296875,121727.6171875,123322.3359375,129292.234375,133804.859375,143716.453125,148131.625,151717.15625,155342.34375,160110.0625,162844.53125,163977.125,172644.96875,176716.8125,185277.53125,203648.359375,224595.578125,233922.6875,238585.578125,245453.4375,253462.71875,251298.359375,243514.75,244124.96875
TUN,Tunisia,rgdpna,Real GDP at constant 2021 national prices (in mil. 2021US$),,,,,,,,,,,9301.0341796875,9582.1025390625,9738.728515625,10805.076171875,11219.169921875,11646.138671875,12006.59375,11989.4287109375,13010.71875,13570.7099609375,17685.908203125,19451.708984375,22903.92578125,22755.8828125,24588.197265625,26345.416015625,28426.6171875,29393.625,31289.205078125,33342.58203125,35812.69921875,37790.21484375,37608.140625,39368.17578125,41623.859375,43980.69140625,43100.5859375,45215.65625,45948.9140625,47539.69140625,50903.37890625,52890.43359375,57018.92578125,58266.13671875,60120.48828125,61532.4296875,65932.984375,69519.3125,72969.53125,77360.1875,80686.1484375,83749.2265625,84856.859375,88847.1640625,94387.484375,97678.34375,102800.6953125,109698.1328125,114346.8984375,117826.9921875,121964.09375,121035.953125,127470.3359375,132612.8125,138031.40625,141287.484375,149916.703125,153281.25,157253.140625,159617.09375,145855.140625,152161.15625,156123.375,156784.796875
TUN,Tunisia,rnna,Capital stock at constant 2021 national prices (in mil. 2021US$),,,,,,,,,,,41821.359375,42841.1171875,44720.171875,47024.015625,49663.12109375,52287.53125,54756.8125,57210.5625,59698.8828125,62279.44921875,65336.0703125,69028.2890625,73396.40625,77619.2890625,82830.1953125,89789.109375,97884.015625,105767.8828125,113897.09375,122555.765625,131355.375,141662.140625,152711.296875,162545,172732.9375,181199.859375,186803.65625,190301.96875,193067.609375,196906.21875,201991.6875,206946.953125,214016.84375,221344.890625,228492.015625,234273.703125,240213.25,247277.8125,255043.21875,263905.3125,273196.125,283638.28125,293182.375,301965.625,310761.84375,319874.28125,330872.28125,343054.65625,356190.4375,369756.65625,384137.1875,394352.875,406862.4375,419661.6875,431816.25,444473.90625,458161.40625,471624.5,485364.25,498653.25,503170.96875,509241.8125,516163.59375,520950.1875
TUR,Türkiye,rgdpna,Real GDP at constant 2021 national prices (in mil. 2021US$),79897.265625,98736.078125,106992.5234375,120836.421875,109303.5703125,120461,121796.28125,148307.875,159961.109375,156924.546875,154930.734375,157593.5,167166,182925.5625,190499.359375,195486.34375,219184.28125,227864.859375,243055.859375,256076.6875,269097.53125,284080.59375,305176.40625,315130.59375,332759.65625,356628.9375,393943.15625,407356.1875,413484.90625,410902.71875,400852.875,420314.96875,435290.0625,456919.875,487587.34375,508268.75,543925.3125,595512.625,608139.625,609670,666096.75,672268.3125,712498.75,769798,727800.4375,780138.1875,834789.25,897638.9375,925392.75,895195.625,957261.625,902219.125,960391.625,1015740.9375,1115242.375,1215528.25,1299983.25,1365547.875,1376677.25,1310277.5,1420697.25,1579816.25,1655465.25,1795945.25,1884659.5,1999331.625,2065771.75,2220745.25,2287660.5,2306385.5,2349280.75,2618024,2762891.75,2904107
TUR,Türkiye,rnna,Capital stock at constant 2021 national prices (in mil. 2021US$),88921.8125,91903.2109375,97089.4140625,103057.984375,109535.375,116693.03125,124029.5078125,133744.84375,147574.296875,158543.875,168832.375,179214.203125,190314.65625,203262.40625,216239.71875,228848.015625,249153.140625,268755.03125,290708.34375,312583.1875,340917.5,364395.6875,394034.15625,425681.28125,478303.15625,531057.4375,599927.375,643092.8125,671596.625,702117.5,720226.4375,757500.5,789437.1875,822007.8125,854320.75,894542.8125,940886.125,1024980.1875,1103769.125,1181061,1275515.75,1365261.875,1460726,1589932.5,1681591.125,1785073.25,1908644.75,2052130.875,2175746.5,2259053.75,2384086.25,2438819,2528489.25,2658071.25,2863557.5,3113557,3403840.25,3695331,3953534,4110565.75,4345502,4674676.5,5001464.5,5395631,5806579.5,6265647,6718667.5,7218943,7702868.5,8060471.5,8455769,8893598,9321762,9800645
TWN,Taiwan,rgdpna,Real GDP at constant 2021 national prices (in mil. 2021US$),,10274.6591796875,11507.9990234375,12600.5634765625,13815.375,14881.4208984375,15799.8134765625,17034.0703125,18341.73046875,19957.1328125,21393.849609375,22901.609375,24946.08984375,27625.18359375,31114.171875,34812.4921875,38164.76171875,42421.3515625,46541.3515625,51005.0390625,56875,64510.90625,73460.3515625,82886.6796875,85096.4921875,90361.109375,103266.8671875,115047.0625,130642.6484375,142183.109375,153612.875,164519.390625,172433.046875,187992.171875,206883.3125,216828.890625,241790.234375,272620.5,294495.0625,320180.75,337922.09375,366212.21875,396645.21875,423672.46875,455460.21875,485058.4375,515018.78125,546184.25,569150.375,607465.75,645823.3125,636771.9375,671675.8125,700051.6875,748716.6875,789023.1875,834554.5,891726.1875,898852.0625,884353.9375,974959.9375,1010780.375,1033235,1058896.5,1108868.375,1125121.75,1149481.75,1187545.375,1220639.625,1258039.25,1300644.5,1386752.875,1422647.75,1440848.5
TWN,Taiwan,rnna,Capital stock at constant 2021 national prices (in mil. 2021US$),,44700.6015625,46235.4375,48607.83984375,51125.69140625,52919.37890625,55312.0078125,57552.3203125,60436.1328125,64384.875,69314.4140625,74500.4453125,79608.4375,86027.8046875,92974.265625,102690.6640625,115203.8515625,130748.453125,149622.953125,170269.1875,194333.078125,224520.15625,260037.609375,298311.5625,340802.21875,390416.46875,438825.34375,486377.4375,541547.875,605482.5,680966.75,755116.75,824477.625,888794.625,956229.6875,1014077.75,1083847.875,1176694.5,1286738.625,1413486.75,1547983.375,1695678.875,1861927.375,2040841,2234498.5,2435012,2631454.75,2847224,3072160,3292412.75,3522021.25,3655829.25,3782413.25,3901851.75,4056326.25,4203420,4343885.5,4480114,4563039,4608447.5,4707766,4793588.5,4868964,4962205,5061921.5,5161581,5268292.5,5365603,5469024.5,5608970.5,5763351.5,5970017.5,6193902,6350817.5
TZA,U.R. of Tanzania: Mainland,rgdpna,Real GDP at constant 2021 national prices (in mil. 2021US$),,,,,,,,,,,11485.4296875,10942.4326171875,12009.0224609375,12303.87109375,14781.0361328125,15320.103515625,16603.857421875,17545.876953125,19055.3984375,19151.998046875,19842.125,20671.46484375,22061.447265625,22735.76953125,23304.1640625,24681.228515625,26257.23046875,26362.734375,26681.673828125,27575.427734375,28400.056640625,28256.9609375,28424.3125,27748.841796875,28687.466796875,30004.451171875,30571.990234375,32079.37109375,33381.8046875,34714.5546875,36264.37109375,38332.015625,39684.16796875,41338.28125,42592.20703125,44110.5625,45962.03125,47486.8125,49251.765625,51635.7734375,54183.375,57433.20703125,61547.47265625,65785.7734375,70935.6640625,76163.546875,79713.203125,86460.4296875,91273.328125,96185.9765625,102302.328125,110388.828125,116063.9296875,123934.9140625,132278.78125,140427.984375,150071.328125,160167.046875,171423.796875,183278.4375,191590.015625,200859.625,210230.015625,220875.78125
TZA,U.R. of Tanzania: Mainland,rnna,Capital stock at constant 2021 national prices (in mil. 2021US$),,,,,,,,,,,21360.5625,22384.048828125,23288.5390625,24115.32421875,25827.90234375,27909.953125,30272.0234375,33103.3125,36198.109375,38725.9609375,42979.234375,48330.8046875,52941.4921875,57110.6640625,60967.734375,64900.1484375,69194.09375,73924.3984375,78349.65625,83023.875,86519,87969.9765625,88718.265625,88263.3671875,87256.9921875,86214.140625,85832.7890625,87072.484375,88347.078125,90272.546875,95094.703125,100638.9765625,105819.59375,109783.0234375,113750.4765625,116348.6640625,118603.1328125,120835.6328125,124005.25,127532.328125,131439.140625,136286.0625,141694.078125,148443.75,156284.328125,166387.453125,178873.34375,194006.75,211057.96875,227077.09375,245148.703125,268554.84375,291209.28125,318791.34375,348229.09375,379547.46875,417077.625,461002.125,513982.40625,575395.75,639670.9375,705175.875,774537.6875,845994
UGA,Uganda,rgdpna,Real GDP at constant 2021 national prices (in mil. 2021US$),5978.19775390625,6744.85595703125,7291.384765625,6867.5341796875,6692.33349609375,7109.73876953125,7497.2705078125,7840.314453125,7669.60009765625,8046.296875,8153.619140625,8186.345703125,8659.162109375,9598.75,10334.3701171875,10622.3134765625,11372.0966796875,12158.9912109375,12458.029296875,13651.16015625,13784.7265625,14162.390625,14162.390625,14162.3896484375,14162.388671875,13973.5576171875,13973.55859375,14162.3896484375,13595.89453125,11896.4072265625,11491.9560546875,11935.4736328125,12865.6083984375,13681.9296875,13049.8984375,13008.51953125,13206.30859375,14051.2041015625,15148.9287109375,16194.021484375,17195.48046875,18142.216796875,18982.22265625,20321.8515625,22517.330078125,24632.119140625,26165.314453125,27604.2421875,30176.13671875,32168.673828125,33673.44140625,36625.07421875,39209.68359375,41624.5546875,44040.171875,48447.453125,51862.68359375,56044.82421875,61889.171875,66156,79338.0625,82909.359375,85920.4453125,85556.6875,92700.765625,98622.09375,99401.6171875,106468.2734375,112370.109375,121109.296875,119399.6171875,126267.4453125,133590.90625,140265.15625
UGA,Uganda,rnna,Capital stock at constant 2021 national prices (in mil. 2021US$),3296.94921875,3753.70825195313,4450.28857421875,5095.57275390625,5675.5400390625,6355.03369140625,6996.47216796875,7413.9716796875,7836.63037109375,8126.8681640625,8420.375,8834.3564453125,9279.8603515625,9941.2890625,10998.939453125,11904.7275390625,12726.947265625,13754.2666015625,14796.3134765625,16127.2919921875,16997.26171875,17900.75390625,18720.732421875,19435.71484375,20086.9921875,20639.693359375,21133.919921875,21609.109375,21984.1171875,22136.109375,22234.623046875,22429.48828125,22813.376953125,23167.37890625,23408.634765625,23663.193359375,24134.681640625,25627.802734375,26987.439453125,28320.126953125,29737.82421875,31166.783203125,32463.646484375,33946.02734375,36287.82421875,39699.41796875,42808.859375,46114.734375,49921.234375,53964.83984375,58091.9140625,62488.28515625,67428.0546875,73040.578125,79614.28125,87834.0234375,96962.890625,107686.984375,118565.140625,130444.4609375,145869.546875,161850.171875,178593.609375,194898.46875,211582.28125,229049.65625,247295.265625,266899.84375,288409.28125,311807.34375,333492.71875,358727.15625,384286.0625,410531.75
UKR,Ukraine,rgdpna,Real GDP at constant 2021 national prices (in mil. 2021US$),,,,,,,,,,,,,,,,,,,,,,,,,,,,,,,,,,,,,,,,,1122943.5,1025262.125,923286.5625,791977.5,610345,536184.5,482332.21875,467918.875,458822.59375,458084.65625,485069.25,529856.9375,557671.875,611179.375,683270.0625,704254.875,757577,819818.375,838210.875,711335.375,713271,752255.0625,754050.625,753848.9375,704452.375,635606.25,651121.3125,666487.5625,689737.0625,711805.1875,685092.625,708698.3125,504886.71875,531768.5
UKR,Ukraine,rnna,Capital stock at constant 2021 national prices (in mil. 2021US$),,,,,,,,,,,,,,,,,,,,,,,,,,,,,,,,,,,,,,,,,13565460,13869415,14042512,13994520,13758671,13460137,13143451,12855515,12593757,12350968,12143099,11958991,11791198,11676547,11615744,11569980,11588060,11691614,11783229,11646264,11506813,11395047,11301244,11190234,11036686,10875884,10747991,10640511,10554002,10481558,10366995,10268907,10117180,10025741
URY,Uruguay,rgdpna,Real GDP at constant 2021 national prices (in mil. 2021US$),17500.919921875,20216.771484375,19462.55078125,20482.53125,22322.486328125,22733.486328125,22786.29296875,23544.16015625,22160.697265625,21663.240234375,22656.427734375,23038.2109375,22936.662109375,22585.75390625,23169.263671875,22977.6640625,23888.49609375,23232.62109375,23492.8046875,25102.458984375,26058.041015625,26089.279296875,25684.154296875,25777.876953125,26588.126953125,28147.15625,29268.80859375,29612.4609375,31170.482421875,33093.3125,35078.6328125,35744.7734375,32387.873046875,30492.248046875,30159.1953125,30604.1953125,33314.68359375,35957.55078125,35954.41796875,36416.62890625,36750.19921875,37919.015625,41370.87890625,42448.60546875,45542.73046875,44882.18359375,47378.34375,49714.58203125,51961.1328125,50953.49609375,49970.15625,48049.22265625,44334.0625,44691.078125,46927.5078125,50428.265625,52495.16015625,55929.140625,59942.69921875,62486.36328125,67362.4296875,71824.3046875,75399.109375,79992.2734375,83730.765625,85209.2265625,88228.046875,89763.546875,89911.21875,90746.0859375,84048.9765625,88723.6953125,92900.1171875,93241.5078125
URY,Uruguay,rnna,Capital stock at constant 2021 national prices (in mil. 2021US$),17041.369140625,25956.51953125,33174.6953125,38549.73046875,45967.08984375,51645.9140625,56220.68359375,61226.5390625,63108.9375,66581.46875,70715.390625,75032.796875,77943.4296875,79786.453125,80641.6015625,81709.25,83122.828125,85007.5078125,86255.046875,88770.34375,91790.3359375,94573.84375,96391.3203125,97468.5234375,99232.40625,103029.9921875,108719.2578125,114744.4609375,121996.8359375,131002.640625,140303.4375,148659.4375,154782.453125,156876.28125,157077.921875,156287.25,156300.15625,157917.015625,159840.203125,161679.25,163069.328125,165574.328125,170541.328125,176482.578125,183091.3125,188739.859375,195374.6875,202912.9375,211134.171875,217387.78125,222231.421875,226142.078125,227528.984375,228846.875,231918.53125,236904.71875,243345,250637.6875,260223.125,267923.375,277571.125,287413.46875,299877.375,312153.21875,324113.5625,333340.96875,341789.875,349964.71875,355914.53125,361183.75,366101.03125,374393.5625,384880.09375,393232.15625
USA,United States,rgdpna,Real GDP at constant 2021 national prices (in mil. 2021US$),2709030.5,2927341,3046543.25,3189561,3171575.5,3397452,3469891,3542951,3516902.75,3759648.5,3856027.5,3954515.25,4196393,4379103,4631648.5,4932693.5,5257925.5,5402184.5,5667382,5845379,5857162.5,6050023,6367982,6727497.5,6691132,6677374,7037154,7362564.5,7770098,8016097.5,7995514.5,8198417,8050598,8419620,9028902,9405369,9731045,10067217,10487722,10872856,11077914,11065916,11455713,11770951,12245205,12573918,13048304,13628579,14239566,14921416,15529851,15678245,15944844,16390599,17021272,17614216,18104692,18467484,18488460,18012106,18497566,18786944,19216998,19623982,20119256,20711878,21088720,21607002,22247976,22822856,22329176,23681202,24276130,24977152
USA,United States,rnna,Capital stock at constant 2021 national prices (in mil. 2021US$),10666936,11002892,11361193,11763683,12143445,12568343,12988646,13398979,13767582,14236033,14692825,15163884,15694052,16269798,16905626,17608950,18365290,19077508,19811168,20540238,21169224,21907770,22737082,23648198,24424420,25017550,25717052,26565692,27571754,28627578,29506590,30360724,31041684,31824032,32878966,34021900,35158052,36259956,37347072,38436032,39439352,40251216,41116496,42057968,43102436,44213800,45461520,46823444,48363724,50045728,51804608,53377052,54757692,56217084,57823104,59564856,61276848,62818256,64052376,64686820,65349080,66106652,67036032,68023432,69139896,70325160,71524240,72799488,74181696,75565584,76785096,78158760,79490152,80822920
UZB,Uzbekistan,rgdpna,Real GDP at constant 2021 national prices (in mil. 2021US$),,,,,,,,,,,,,,,,,,,,,,,,,,,,,,,,,,,,,,,,,76700.453125,76323.0859375,67774.8984375,66219.6484375,62776.875,62211.87890625,63269.4921875,66559.4921875,69488.1171875,72545.59375,75447.4140625,78842.546875,82153.9296875,85626.15625,92009.7890625,98417.03125,107103.09375,118765.0234375,131121.859375,143569.0625,157779.5,169652.625,181702.109375,194960.109375,208361.34375,223402.46875,236655.046875,247056.671875,261582.984375,277229.71875,282762.09375,303696,320926,340146.1875
UZB,Uzbekistan,rnna,Capital stock at constant 2021 national prices (in mil. 2021US$),,,,,,,,,,,,,,,,,,,,,,,,,,,,,,,,,,,,,,,,,111719.7265625,124516.7109375,136204.046875,146649.859375,156572.4375,169588.390625,183162.609375,199144.078125,215360.375,231209.046875,246623.984375,262897.625,278189.0625,293890.90625,310286.53125,327570.90625,345219.9375,369712.9375,404238.375,449103.0625,506627.9375,563009.5625,624730.0625,693303.4375,768251.625,849871.6875,932840.9375,1035945.375,1178236.25,1384334.375,1565908.75,1745123.875,1916009,2135909.75
VCT,St. Vincent and the Grenadines,rgdpna,Real GDP at constant 2021 national prices (in mil. 2021US$),,,,,,,,,,,,,,,,,,,,,333.87548828125,343.785095214844,432.589874267578,384.566619873047,350.645568847656,323.965972900391,357.583312988281,367.724914550781,403.677520751953,417.333343505859,427.529663085938,447.255859375,467.276916503906,477.406951904297,508.856842041016,540.293518066406,570.554016113281,573.053405761719,653.706237792969,662.891296386719,690.400634765625,703.633117675781,754.283813476563,777.284057617188,767.327331542969,830.877380371094,850.797485351563,888.667297363281,940.785278320313,988.127197265625,1013.86138916016,1031.58850097656,1086.6953125,1159.41528320313,1207.11828613281,1237.15771484375,1323.72241210938,1367.70776367188,1373.2431640625,1354.31896972656,1293.77172851563,1285.93103027344,1300.96020507813,1333.00085449219,1348.27062988281,1385.8212890625,1443.32836914063,1467.42065429688,1512.21411132813,1522.32592773438,1457.33825683594,1487.84545898438,1534.13269042969,1626.42785644531
VCT,St. Vincent and the Grenadines,rnna,Capital stock at constant 2021 national prices (in mil. 2021US$),,,,,,,,,,,,,,,,,,,,,1984.8076171875,2040.13256835938,2128.34838867188,2195.90551757813,2252.70922851563,2294.689453125,2351.24951171875,2423.95141601563,2480.39965820313,2564.14819335938,2676.94360351563,2759.99755859375,2828.1328125,2881.31640625,2963.27294921875,3050.03857421875,3172.84252929688,3313.33935546875,3459.69946289063,3598.458984375,3781.42651367188,3956.73217773438,4093.13354492188,4244.51416015625,4414.05615234375,4623.6904296875,4830.57861328125,5017.47998046875,5290.95849609375,5555.7529296875,5730.26416015625,5906.83837890625,6105.51416015625,6408.9580078125,6705.92431640625,6981.2841796875,7356.734375,7727.451171875,8173.0390625,8462.966796875,8801.791015625,9051.5830078125,9307.3583984375,9588.4521484375,9864.392578125,10144.2373046875,10479.494140625,10766.1943359375,11071.79296875,11422.8046875,11801.0771484375,12292.3193359375,12868.314453125,13518.18359375
VEN,Venezuela (Bolivarian Republic of),rgdpna,Real GDP at constant 2021 national prices (in mil. 2021US$),1687.62817382813,1861.52893066406,2131.16040039063,2185.76049804688,2406.54223632813,2567.1767578125,2821.47412109375,3092.66870117188,3183.32934570313,3356.25170898438,3167.76489257813,3307.22631835938,3628.33325195313,3867.43579101563,4372.79248046875,4585.29736328125,4547.21630859375,4744.400390625,5195.06396484375,5474.39453125,6128.32177734375,6316.39013671875,6522.3271484375,6930.1015625,7350.470703125,7796.3271484375,8480.34375,9050.4072265625,9243.7470703125,9367.3681640625,9181.0576171875,9153.228515625,9215.9169921875,8697.998046875,8580.236328125,8596.9345703125,9156.7431640625,9484.544921875,10036.73828125,9176.6640625,9770.162109375,10720.7548828125,11370.498046875,11401.841796875,11133.8017578125,11573.798828125,11550.94921875,12286.8154296875,12323.1416015625,11587.2734375,12014.3818359375,12422.1552734375,11322.162109375,10444.21875,12353.900390625,13628.7783203125,14974.2548828125,16284.873046875,17144.361328125,16595.390625,16348.44140625,17030.9921875,17989.201171875,18230.87890625,17520.791015625,16430.7578125,13630.8291015625,11494.7041015625,9239.353515625,6678.7578125,4675.62841796875,4722.2060546875,5100.099609375,5304.27978515625
VEN,Venezuela (Bolivarian Republic of),rnna,Capital stock at constant 2021 national prices (in mil. 2021US$),10038.5458984375,10671.0947265625,11608.1845703125,12493.5029296875,13531.6298828125,14463.30859375,15472.8203125,16544.73046875,17552.57421875,18537.396484375,18916.431640625,19270.0546875,19740.24609375,20212.51171875,21179.345703125,22124.154296875,22869.49609375,23676.947265625,25011.78125,26361.51171875,28387.294921875,30731.615234375,33497.00390625,36470.87109375,39144.94140625,42874.171875,47897.15625,54602.31640625,61629.62109375,66423.796875,70039.2109375,73695.2109375,76965.203125,78628.390625,79505.875,80630.3515625,82194.75,83909.7890625,85904.234375,86445.8828125,86829.3671875,88711.6953125,92059.84375,94855.6484375,96434.8125,98079.515625,99410.03125,101952.8359375,104612.109375,106110.6796875,107653.25,109815.6796875,110842.359375,110089.484375,110899.3515625,113307.84375,117187.1015625,122584.5546875,127681.125,131630.015625,134803.765625,138204.828125,143497,147743.984375,150128.90625,150636.296875,148019.796875,143983.71875,139541.921875,135118.21875,130790.8203125,126822.9375,123220.6171875,119927.1796875
VGB,British Virgin Islands,rgdpna,Real GDP at constant 2021 national prices (in mil. 2021US$),,,,,,,,,,,,,,,,,,,,,75.0321655273438,67.574462890625,67.6094665527344,71.3558197021484,78.323356628418,81.8596343994141,81.5760192871094,83.0850677490234,89.4462280273438,99.8581237792969,113.900665283203,114.620796203613,117.23127746582,124.102516174316,131.003768920898,132.805557250977,137.870971679688,158.115615844727,175.929550170898,191.125762939453,240.582290649414,295.669219970703,367.681396484375,480.722625732422,599.499938964844,741.277160644531,799.160217285156,883.18408203125,974.676696777344,1068.03649902344,1159.35876464844,1212.84216308594,1172.21728515625,1024.95727539063,1063.26928710938,1215.69177246094,1222.43286132813,1232.58203125,1236.63330078125,1242.88879394531,1267.40063476563,1231.22521972656,1222.09924316406,1264.88391113281,1286.35278320313,1292.67749023438,1359.03210449219,1352.09460449219,1423.66870117188,1524.75439453125,1476.35632324219,1516.1123046875,1549.64318847656,1592.48962402344
VGB,British Virgin Islands,rnna,Capital stock at constant 2021 national prices (in mil. 2021US$),,,,,,,,,,,,,,,,,,,,,94.4761810302734,114.805130004883,126.185821533203,138.766403198242,150.592041015625,163.183517456055,171.280517578125,178.078659057617,185.492309570313,201.701644897461,222.472229003906,245.117736816406,265.533569335938,288.259460449219,310.644958496094,332.249603271484,355.033599853516,380.774963378906,407.139068603516,432.702056884766,468.666076660156,515.531860351563,576.907653808594,661.427673339844,771.538635253906,914.057739257813,1059.33203125,1224.95690917969,1417.98205566406,1610.56958007813,1814.6201171875,2022.7021484375,2216.24975585938,2373.28930664063,2529.26318359375,2712.87915039063,2887.31762695313,3055.44213867188,3222.71362304688,3388.75341796875,3553.052734375,3698.43408203125,3833.57592773438,3971.39819335938,4108.03076171875,4240.1484375,4382.33447265625,4516.3427734375,4662.6875,4828.38623046875,4976.73779296875,5130.74560546875,5288.41015625,5450.3779296875
VNM,Viet Nam,rgdpna,Real GDP at constant 2021 national prices (in mil. 2021US$),,,,,,,,,,,,,,,,,,,,,51097.1875,53041.3984375,54081.44921875,53312.8671875,54635.99609375,56267.6328125,62456.234375,70926.6875,72181.75,77030.5546875,74336.9921875,78646.4921875,85056.3984375,91089.484375,98738.5078125,104287.125,107788.1328125,110535.5234375,116172.8671875,121618.9296875,127822.6171875,135441.921875,147152.296875,159031.484375,173088.25,189601.703125,207310.546875,224209.859375,237134.234375,248452.140625,265318.28125,283611.96875,303691.1875,325985.75,350553.40625,377010.5,423047.875,475379.375,526865.8125,582470.1875,650207.5625,691906.5,729992.75,770533,820018.5625,877314.5,936006.875,1000967.625,1075689.75,1154852.75,1187944,1218280.875,1317248.125,1383722
VNM,Viet Nam,rnna,Capital stock at constant 2021 national prices (in mil. 2021US$),,,,,,,,,,,,,,,,,,,,,65083.51953125,67722.6953125,70400.5859375,72929.09375,75530.8203125,78207.765625,81386.8359375,85253.484375,89074.8203125,93201.328125,96875.1328125,100803.34375,105137.828125,109795.5546875,115181.5390625,120865.59375,126364.984375,132801.765625,138766.125,143832.234375,154445.953125,163061.9375,178906.9375,202253.125,232883.9375,268162.90625,308277.53125,351691.78125,399572.0625,445660.9375,494953.125,547747.9375,606210.875,670512.5625,739054.75,814666.0625,900588.0625,1025753.5,1160548.75,1314076.5,1500493.875,1662746.125,1824714.25,1996733.625,2188380.75,2403213.75,2642508.5,2910506.25,3199952.5,3510612,3827259,4145646.75,4481392.5,4829023.5
YEM,Yemen,rgdpna,Real GDP at constant 2021 national prices (in mil. 2021US$),,,,,,,,,,,,,,,,,,,,,,,,,,,,,,,,,,,,,,,,25639.625,30591.5625,30686.732421875,32190.146484375,33499.7578125,34224.609375,39924.4609375,48119.09765625,50636.140625,53040.05078125,55432.8984375,59652.61328125,63191.97265625,66379.90625,70201.390625,73455.625,77230.5234375,80814.53125,83622.8671875,86979.8203125,88261.3828125,91901.0390625,77894.2890625,77034.3828125,81148.7578125,72082.65625,46091.5390625,39162.45703125,35021.80859375,34733.921875,35234.5078125,35658.56640625,35301.98046875,35831.5078125,35114.87890625
YEM,Yemen,rnna,Capital stock at constant 2021 national prices (in mil. 2021US$),,,,,,,,,,,,,,,,,,,,,,,,,,,,,,,,,,,,,,,,147719.125,148556.0625,150408.703125,157067.234375,163130.046875,170581.125,182414,198458.9375,216611.015625,234699.375,247749.09375,258467.484375,269500.1875,283645.28125,302791.375,324210.78125,349650.78125,375421.4375,406291.4375,439919.46875,474730.71875,512548.5625,526932.5625,559785.375,590695.75,608768,596768.3125,582902.6875,571911.625,572310.25,573928.375,573111.75,572856,572627.875,572307.25
ZAF,South Africa,rgdpna,Real GDP at constant 2021 national prices (in mil. 2021US$),86096.703125,90010.1875,92945.3046875,96858.7890625,103218.2109375,109088.4453125,115447.8515625,120339.7109375,123764.015625,129634.25,133547.734375,138439.578125,147244.9375,158007.015625,170725.84375,180998.75,189314.921875,202522.9375,211328.28125,221112,232852.4375,242816.21875,246834.296875,258119.640625,273893.5,278537.03125,284804.0625,284536.09375,293113.4375,304224.0625,324365.46875,341753.875,340443.75,334157.25,351196.1875,346941.65625,347003.375,354293.125,369173.625,378014.8125,376813.5625,383072.4375,385033.6875,400334.46875,413145.21875,425952.71875,444268.65625,455819.625,458098.78125,469093.125,488795.0625,501992.53125,520568.09375,535920.0625,560328.8125,589897.75,622954.4375,656347.75,677292.0625,666874.75,687145.875,708918.5625,725905.875,743948,754466.1875,764439.1875,769519.3125,778429.875,790548.375,792603.3125,745337.4375,780391.1875,795299.875,800084.875
ZAF,South Africa,rnna,Capital stock at constant 2021 national prices (in mil. 2021US$),200135.59375,220903.34375,230822.5625,245077.8125,263609.40625,283754.9375,302671.125,324723.625,345383.5625,356316.5625,373265.9375,388993.40625,402135.59375,423289.5625,450165.96875,481767.03125,507815.96875,543937.3125,574442.625,610936.25,656665.6875,707951,761080,815415.625,872591.1875,935943.6875,993635.75,1040780.6875,1082204.875,1125048.125,1182588.75,1246582.875,1302917.625,1350598.125,1394229,1427674.375,1437421.125,1441866.75,1459093.5,1481931.375,1501193.75,1512543.5,1521176.875,1532023.25,1550068.75,1576895.5,1610698.5,1646946.5,1684349.5,1708695,1734186.375,1760691,1788592.875,1823800.75,1870619.5,1927961,1998355.375,2085666.25,2189325.25,2272000.25,2342447.5,2420547.75,2496836.25,2578230.25,2651184,2721910,2783816.75,2837540,2886862.25,2931175.25,2946116.25,2963688.75,2990285,3022919.25
ZMB,Zambia,rgdpna,Real GDP at constant 2021 national prices (in mil. 2021US$),,,,,,6396.41796875,7129.97021484375,7699.3671875,7095.8896484375,7930.07958984375,8121.67138671875,8199.3720703125,8233.0869140625,8469.76953125,9291.73828125,10441.3798828125,11902.4453125,13907.1513671875,14456.70703125,13125.197265625,13577.138671875,13869.1015625,15237.78515625,14998.1396484375,15509.4951171875,15411.61328125,15836.8994140625,15340.7314453125,15204.0322265625,14603.228515625,15175.341796875,15050.45703125,15423.42578125,15877.4052734375,15784.5830078125,15781.20703125,16199.7451171875,16645.283203125,16969.3125,17131.326171875,17259.587890625,16922.05859375,16629.150390625,17759.48046875,16227.6279296875,16697.873046875,17736.21484375,18412.68359375,18341.669921875,19194.57421875,19942.68359375,21002.986328125,21949.365234375,23473.765625,25124.533203125,26942.4453125,29071.89453125,31500.103515625,33948.890625,37079.09375,40897.5859375,43173.55078125,46453.65625,48803.62109375,51093.4296875,52587.50390625,54573.61328125,56486.0546875,58765.1640625,59612.1484375,57951.91015625,60616.97265625,64753.88671875,68596.8671875
ZMB,Zambia,rnna,Capital stock at constant 2021 national prices (in mil. 2021US$),,,,,,95340.015625,98429.046875,102299.5859375,103194.640625,104619.984375,106298.0234375,107842.4140625,109119.765625,109394.3515625,108767.9609375,113148.3515625,117989.46875,124097.3203125,130232.796875,133175.484375,142223,149784.9375,158034.59375,164547.96875,170327.296875,176917.65625,177432.484375,176853.09375,174884.75,171935.109375,169734.78125,167792.796875,165320.71875,162091.515625,158595.40625,155192.1875,151597.921875,148128.21875,144684.78125,141149.796875,137968.171875,134298.140625,130844.78125,127947.875,124969.7265625,122448.7890625,120342.3984375,118572.8359375,117430.8125,116847.296875,117036.0390625,118373.4765625,120091.53125,122552.4375,124382.96875,126101.5546875,128366.6953125,131646.0625,135916.28125,140184.421875,144824,151302.3125,156832.859375,164191.203125,174188.25,188430.46875,201667.546875,216337.90625,229181.265625,242503.796875,251450.796875,260885.78125,269019.40625,279188.46875
ZWE,Zimbabwe,rgdpna,Real GDP at constant 2021 national prices (in mil. 2021US$),,,,,4098.39208984375,4414.11865234375,4901.826171875,5330.9228515625,5444.57763671875,5744.77734375,5947.66943359375,6311.1552734375,6446.83203125,6556.3212890625,6751.63671875,7246.89013671875,7228.87744140625,7242.8935546875,6381.45703125,8546.76953125,10465.2998046875,11384.009765625,12346.6572265625,12718.1357421875,13037.6865234375,13157.51953125,13053.6640625,12238.8095703125,11975.1787109375,12430.5400390625,13744.6943359375,15466.2763671875,15873.703125,16125.349609375,15817.78125,16916.23828125,17276.345703125,17468.20703125,18787.623046875,19767.587890625,21148.00390625,22315.8984375,20746.572265625,21184.408203125,22413.302734375,22449.708984375,24634.955078125,24986.20703125,25109.197265625,24205.974609375,22228.662109375,22185.638671875,20867.998046875,19310.86328125,18607.458984375,17851.427734375,17204.48828125,16642.369140625,15853.267578125,25291.115234375,30267.2265625,34563.328125,40323.45703125,41125.6875,42103.21875,42852.59765625,43176.5078125,45207.55078125,47332.3046875,44445.03125,40970.78515625,44440.19921875,47147.55078125,49685.7578125
ZWE,Zimbabwe,rnna,Capital stock at constant 2021 national prices (in mil. 2021US$),,,,,67428.953125,66312.15625,65584.9921875,64952.7421875,64389.75,63502.95703125,62723.23828125,62033.8359375,61024.46484375,59986.6328125,59026.58203125,58337.99609375,57809.51171875,57616.16796875,57772.91015625,57727.3984375,58014.93359375,58617.52734375,59381.4453125,60636.7265625,62313.5859375,63682.390625,64279.66796875,64192.87890625,63674.6015625,63217.42578125,63122.33984375,63756.06640625,64577.5234375,65274.1484375,65406.75,65129.0234375,65034.2890625,65099.91015625,65429.5703125,65709.984375,66833.3984375,68629.8046875,69976.4375,71478.6796875,72981.3359375,74520.6171875,74742.4296875,74909.765625,75791.9453125,76117.484375,78890.5703125,81119.234375,81881.25,83498.125,81666.65625,78903.15625,76419.609375,74905.9921875,72924.9375,74256.90625,78977.53125,82675.9375,87569.2734375,89892.546875,92848.7890625,95989.46875,98886.6796875,102027.7109375,105167.1875,107682.1484375,109248.2890625,110979.7734375,114134.8828125,118669.2578125
